participant_id,modality,ui_mode,block_number,trial_number,target_amplitude_px,target_width_px,zoom_level_pct,fullscreen_mode,device_pixel_ratio,pointer_type,framerate_hz,window_w_px,window_h_px,user_agent,display_stability_score,endpoint_error_px,movement_time_ms,error,timeout_flag,adaptation_triggered,adaptation_type,target_center_x,target_center_y,endpoint_x,endpoint_y
P01,hand,static,1,1,200,50,100,TRUE,1,mouse,60,1440,900,demo,1,6.725707758626552,702.4540850230039,FALSE,FALSE,FALSE,NA,640,360,645,362
P02,hand,static,1,1,200,50,100,TRUE,1,mouse,60,1440,900,demo,1,2.76212987379936,737.6869196207515,FALSE,FALSE,FALSE,NA,640,360,645,362
P03,hand,static,1,1,200,50,100,TRUE,1,mouse,60,1440,900,demo,1,18.70449976978949,859.3857635244384,FALSE,FALSE,FALSE,NA,640,360,645,362
P01,gaze_confirm,static,1,1,200,50,100,TRUE,1,mouse,60,1440,900,demo,1,1.2691510456423678,964.5582052988933,FALSE,FALSE,FALSE,NA,640,360,645,362
P02,gaze_confirm,static,1,1,200,50,100,TRUE,1,mouse,60,1440,900,demo,1,2.3271792328970324,1035.5410784037335,FALSE,FALSE,FALSE,NA,640,360,645,362
P03,gaze_confirm,static,1,1,200,50,100,TRUE,1,mouse,60,1440,900,demo,1,30.87116976389906,1043.4632035740242,TRUE,FALSE,FALSE,NA,640,360,645,362
P01,hand,adaptive,1,1,200,50,100,TRUE,1,mouse,60,1440,900,demo,1,5.530994471870429,759.7727925026761,FALSE,FALSE,FALSE,width_inflate,640,360,645,362
P02,hand,adaptive,1,1,200,50,100,TRUE,1,mouse,60,1440,900,demo,1,15.180734815278406,581.072653737874,FALSE,FALSE,TRUE,width_inflate,640,360,645,362
P03,hand,adaptive,1,1,200,50,100,TRUE,1,mouse,60,1440,900,demo,1,8.242234222722312,845.2257457033612,FALSE,FALSE,FALSE,width_inflate,640,360,645,362
P01,gaze_confirm,adaptive,1,1,200,50,100,TRUE,1,mouse,60,1440,900,demo,1,8.021915461799246,854.2851912847184,FALSE,FALSE,FALSE,declutter,640,360,645,362
P02,gaze_confirm,adaptive,1,1,200,50,100,TRUE,1,mouse,60,1440,900,demo,1,22.033472353910312,887.3058998820297,FALSE,FALSE,FALSE,declutter,640,360,645,362
P03,gaze_confirm,adaptive,1,1,200,50,100,TRUE,1,mouse,60,1440,900,demo,1,6.476648887032549,1068.4860321257006,FALSE,FALSE,FALSE,declutter,640,360,645,362
P01,hand,static,2,1,200,50,100,TRUE,1,mouse,60,1440,900,demo,1,4.809257407128626,855.2900687374696,FALSE,FALSE,FALSE,NA,640,360,645,362
P02,hand,static,2,1,200,50,100,TRUE,1,mouse,60,1440,900,demo,1,1.328192591341436,569.2009753106514,FALSE,FALSE,FALSE,NA,640,360,645,362
P03,hand,static,2,1,200,50,100,TRUE,1,mouse,60,1440,900,demo,1,6.670093617048899,595.2314799499044,FALSE,FALSE,FALSE,NA,640,360,645,362
P01,gaze_confirm,static,2,1,200,50,100,TRUE,1,mouse,60,1440,900,demo,1,32.164436462455406,787.0305128755263,TRUE,FALSE,FALSE,NA,640,360,645,362
P02,gaze_confirm,static,2,1,200,50,100,TRUE,1,mouse,60,1440,900,demo,1,8.96130860812631,971.8216631143798,FALSE,FALSE,FALSE,NA,640,360,645,362
P03,gaze_confirm,static,2,1,200,50,100,TRUE,1,mouse,60,1440,900,demo,1,35.399108819333485,969.780904150216,TRUE,FALSE,FALSE,NA,640,360,645,362
P01,hand,adaptive,2,1,200,50,100,TRUE,1,mouse,60,1440,900,demo,1,8.416270818764225,693.6937624826076,FALSE,FALSE,FALSE,width_inflate,640,360,645,362
P02,hand,adaptive,2,1,200,50,100,TRUE,1,mouse,60,1440,900,demo,1,5.6734968927352085,716.2589257062269,FALSE,FALSE,FALSE,width_inflate,640,360,645,362
P03,hand,adaptive,2,1,200,50,100,TRUE,1,mouse,60,1440,900,demo,1,12.813884471842142,577.772858481798,FALSE,FALSE,FALSE,width_inflate,640,360,645,362
P01,gaze_confirm,adaptive,2,1,200,50,100,TRUE,1,mouse,60,1440,900,demo,1,3.9235484638493108,780.7561690681542,FALSE,FALSE,FALSE,declutter,640,360,645,362
P02,gaze_confirm,adaptive,2,1,200,50,100,TRUE,1,mouse,60,1440,900,demo,1,18.468080069530316,1023.2142067289885,FALSE,FALSE,TRUE,declutter,640,360,645,362
P03,gaze_confirm,adaptive,2,1,200,50,100,TRUE,1,mouse,60,1440,900,demo,1,13.12004212724052,990.1273563127588,FALSE,FALSE,FALSE,declutter,640,360,645,362
P01,hand,static,3,1,200,50,100,TRUE,1,mouse,60,1440,900,demo,1,7.500471214191083,518.9000155205558,FALSE,FALSE,FALSE,NA,640,360,645,362
P02,hand,static,3,1,200,50,100,TRUE,1,mouse,60,1440,900,demo,1,20.24031972890896,688.5823058980856,FALSE,FALSE,FALSE,NA,640,360,645,362
P03,hand,static,3,1,200,50,100,TRUE,1,mouse,60,1440,900,demo,1,10.053444533934297,592.4862612692201,FALSE,FALSE,FALSE,NA,640,360,645,362
P01,gaze_confirm,static,3,1,200,50,100,TRUE,1,mouse,60,1440,900,demo,1,2.760716121057274,701.5098715349643,FALSE,FALSE,FALSE,NA,640,360,645,362
P02,gaze_confirm,static,3,1,200,50,100,TRUE,1,mouse,60,1440,900,demo,1,20.48646486621506,968.0144157425772,FALSE,FALSE,FALSE,NA,640,360,645,362
P03,gaze_confirm,static,3,1,200,50,100,TRUE,1,mouse,60,1440,900,demo,1,22.56866857925868,940.4945948889695,FALSE,FALSE,FALSE,NA,640,360,645,362
P01,hand,adaptive,3,1,200,50,100,TRUE,1,mouse,60,1440,900,demo,1,5.117570657721763,638.3156878984303,FALSE,FALSE,TRUE,width_inflate,640,360,645,362
P02,hand,adaptive,3,1,200,50,100,TRUE,1,mouse,60,1440,900,demo,1,3.5408577959072547,675.9383050161479,FALSE,FALSE,FALSE,width_inflate,640,360,645,362
P03,hand,adaptive,3,1,200,50,100,TRUE,1,mouse,60,1440,900,demo,1,10.74150793254027,755.8958197275905,FALSE,FALSE,FALSE,width_inflate,640,360,645,362
P01,gaze_confirm,adaptive,3,1,200,50,100,TRUE,1,mouse,60,1440,900,demo,1,15.80640277559476,924.6717005380063,FALSE,FALSE,FALSE,declutter,640,360,645,362
P02,gaze_confirm,adaptive,3,1,200,50,100,TRUE,1,mouse,60,1440,900,demo,1,14.78845946947477,826.0276988551766,FALSE,FALSE,FALSE,declutter,640,360,645,362
P03,gaze_confirm,adaptive,3,1,200,50,100,TRUE,1,mouse,60,1440,900,demo,1,12.395524573801637,811.8240897694462,FALSE,FALSE,FALSE,declutter,640,360,645,362
P01,hand,static,4,1,200,50,100,TRUE,1,mouse,60,1440,900,demo,1,6.647011842451066,684.1836648350583,FALSE,FALSE,FALSE,NA,640,360,645,362
P02,hand,static,4,1,200,50,100,TRUE,1,mouse,60,1440,900,demo,1,0.7429405269206601,737.2020383894742,FALSE,FALSE,FALSE,NA,640,360,645,362
P03,hand,static,4,1,200,50,100,TRUE,1,mouse,60,1440,900,demo,1,3.671551964879001,575.238357675755,FALSE,FALSE,FALSE,NA,640,360,645,362
P01,gaze_confirm,static,4,1,200,50,100,TRUE,1,mouse,60,1440,900,demo,1,6.848478018222887,927.88293573891394,FALSE,FALSE,FALSE,NA,640,360,645,362
P02,gaze_confirm,static,4,1,200,50,100,TRUE,1,mouse,60,1440,900,demo,1,12.504725620569229,1066.0720712201496,FALSE,FALSE,FALSE,NA,640,360,645,362
P03,gaze_confirm,static,4,1,200,50,100,TRUE,1,mouse,60,1440,900,demo,1,3.742511004352778,937.0063890518617,FALSE,FALSE,FALSE,NA,640,360,645,362
P01,hand,adaptive,4,1,200,50,100,TRUE,1,mouse,60,1440,900,demo,1,15.184756218819174,566.1895198886732,FALSE,FALSE,TRUE,width_inflate,640,360,645,362
P02,hand,adaptive,4,1,200,50,100,TRUE,1,mouse,60,1440,900,demo,1,26.027471584062152,616.8865797889353,TRUE,FALSE,FALSE,width_inflate,640,360,645,362
P03,hand,adaptive,4,1,200,50,100,TRUE,1,mouse,60,1440,900,demo,1,14.495543979659885,783.7578254434376,FALSE,FALSE,FALSE,width_inflate,640,360,645,362
P01,gaze_confirm,adaptive,4,1,200,50,100,TRUE,1,mouse,60,1440,900,demo,1,20.21595449766029,966.0052753456963,FALSE,FALSE,FALSE,declutter,640,360,645,362
P02,gaze_confirm,adaptive,4,1,200,50,100,TRUE,1,mouse,60,1440,900,demo,1,7.251927035383368,1048.4010960097926,FALSE,FALSE,FALSE,declutter,640,360,645,362
P03,gaze_confirm,adaptive,4,1,200,50,100,TRUE,1,mouse,60,1440,900,demo,1,8.399796365217938,916.6917428594126,FALSE,FALSE,TRUE,declutter,640,360,645,362
P01,hand,static,1,2,200,50,100,TRUE,1,mouse,60,1440,900,demo,1,9.359581420035815,749.233011578851,FALSE,FALSE,FALSE,NA,640,360,645,362
P02,hand,static,1,2,200,50,100,TRUE,1,mouse,60,1440,900,demo,1,1.000428797661951,632.9851705182241,FALSE,FALSE,FALSE,NA,640,360,645,362
P03,hand,static,1,2,200,50,100,TRUE,1,mouse,60,1440,900,demo,1,3.039822167937058,772.64448027164,FALSE,FALSE,FALSE,NA,640,360,645,362
P01,gaze_confirm,static,1,2,200,50,100,TRUE,1,mouse,60,1440,900,demo,1,0.5138415962766545,889.2399749372913,FALSE,FALSE,FALSE,NA,640,360,645,362
P02,gaze_confirm,static,1,2,200,50,100,TRUE,1,mouse,60,1440,900,demo,1,0.7716682312436892,779.5321394365106,FALSE,FALSE,FALSE,NA,640,360,645,362
P03,gaze_confirm,static,1,2,200,50,100,TRUE,1,mouse,60,1440,900,demo,1,24.63484111226024,965.3591558820951,FALSE,FALSE,FALSE,NA,640,360,645,362
P01,hand,adaptive,1,2,200,50,100,TRUE,1,mouse,60,1440,900,demo,1,2.7092518279112117,883.5021461277722,FALSE,FALSE,FALSE,width_inflate,640,360,645,362
P02,hand,adaptive,1,2,200,50,100,TRUE,1,mouse,60,1440,900,demo,1,18.19764725315448,746.1097207487674,FALSE,FALSE,FALSE,width_inflate,640,360,645,362
P03,hand,adaptive,1,2,200,50,100,TRUE,1,mouse,60,1440,900,demo,1,18.585033650762654,789.8304067935512,FALSE,FALSE,TRUE,width_inflate,640,360,645,362
P01,gaze_confirm,adaptive,1,2,200,50,100,TRUE,1,mouse,60,1440,900,demo,1,10.523047493449242,943.0626867711783,FALSE,FALSE,FALSE,declutter,640,360,645,362
P02,gaze_confirm,adaptive,1,2,200,50,100,TRUE,1,mouse,60,1440,900,demo,1,2.2293763892030483,826.973138602053,FALSE,FALSE,FALSE,declutter,640,360,645,362
P03,gaze_confirm,adaptive,1,2,200,50,100,TRUE,1,mouse,60,1440,900,demo,1,3.886948237391508,875.731097386766,FALSE,FALSE,TRUE,declutter,640,360,645,362
P01,hand,static,2,2,200,50,100,TRUE,1,mouse,60,1440,900,demo,1,4.555673793118585,667.2102271825689,FALSE,FALSE,FALSE,NA,640,360,645,362
P02,hand,static,2,2,200,50,100,TRUE,1,mouse,60,1440,900,demo,1,6.027881437311628,643.7560264261496,FALSE,FALSE,FALSE,NA,640,360,645,362
P03,hand,static,2,2,200,50,100,TRUE,1,mouse,60,1440,900,demo,1,3.9984886040330414,784.5000740715659,FALSE,FALSE,FALSE,NA,640,360,645,362
P01,gaze_confirm,static,2,2,200,50,100,TRUE,1,mouse,60,1440,900,demo,1,18.33435689592759,806.31637971615055,FALSE,FALSE,FALSE,NA,640,360,645,362
P02,gaze_confirm,static,2,2,200,50,100,TRUE,1,mouse,60,1440,900,demo,1,19.29224207656039,1053.9639358535328,FALSE,FALSE,FALSE,NA,640,360,645,362
P03,gaze_confirm,static,2,2,200,50,100,TRUE,1,mouse,60,1440,900,demo,1,5.463515545276644,1053.698298347107,FALSE,FALSE,FALSE,NA,640,360,645,362
P01,hand,adaptive,2,2,200,50,100,TRUE,1,mouse,60,1440,900,demo,1,5.378517343553114,506.16531691175015,FALSE,FALSE,FALSE,width_inflate,640,360,645,362
P02,hand,adaptive,2,2,200,50,100,TRUE,1,mouse,60,1440,900,demo,1,0.6360507207660496,726.7390397480641,FALSE,FALSE,FALSE,width_inflate,640,360,645,362
P03,hand,adaptive,2,2,200,50,100,TRUE,1,mouse,60,1440,900,demo,1,11.067209614556852,941.627198281341,FALSE,FALSE,FALSE,width_inflate,640,360,645,362
P01,gaze_confirm,adaptive,2,2,200,50,100,TRUE,1,mouse,60,1440,900,demo,1,36.9015243412886,833.134142167007,TRUE,FALSE,FALSE,declutter,640,360,645,362
P02,gaze_confirm,adaptive,2,2,200,50,100,TRUE,1,mouse,60,1440,900,demo,1,8.838560989017635,1001.3885089689686,FALSE,FALSE,FALSE,declutter,640,360,645,362
P03,gaze_confirm,adaptive,2,2,200,50,100,TRUE,1,mouse,60,1440,900,demo,1,41.565039761534635,806.1357785256716,TRUE,FALSE,TRUE,declutter,640,360,645,362
P01,hand,static,3,2,200,50,100,TRUE,1,mouse,60,1440,900,demo,1,12.068862293547081,833.2853701843361,FALSE,FALSE,FALSE,NA,640,360,645,362
P02,hand,static,3,2,200,50,100,TRUE,1,mouse,60,1440,900,demo,1,8.510409150988709,729.9789663911876,FALSE,FALSE,FALSE,NA,640,360,645,362
P03,hand,static,3,2,200,50,100,TRUE,1,mouse,60,1440,900,demo,1,8.256103397608294,898.2298469947798,FALSE,FALSE,FALSE,NA,640,360,645,362
P01,gaze_confirm,static,3,2,200,50,100,TRUE,1,mouse,60,1440,900,demo,1,18.46028465454058,774.9235125755702,FALSE,FALSE,FALSE,NA,640,360,645,362
P02,gaze_confirm,static,3,2,200,50,100,TRUE,1,mouse,60,1440,900,demo,1,5.125914126918158,943.8442536649567,FALSE,FALSE,FALSE,NA,640,360,645,362
P03,gaze_confirm,static,3,2,200,50,100,TRUE,1,mouse,60,1440,900,demo,1,21.972918820581636,886.7689788649283,FALSE,FALSE,FALSE,NA,640,360,645,362
P01,hand,adaptive,3,2,200,50,100,TRUE,1,mouse,60,1440,900,demo,1,2.175641756989803,626.3282157108441,FALSE,FALSE,FALSE,width_inflate,640,360,645,362
P02,hand,adaptive,3,2,200,50,100,TRUE,1,mouse,60,1440,900,demo,1,1.6666963492685354,574.4505508776795,FALSE,FALSE,FALSE,width_inflate,640,360,645,362
P03,hand,adaptive,3,2,200,50,100,TRUE,1,mouse,60,1440,900,demo,1,0.0691702307986432,549.9387703358,FALSE,FALSE,TRUE,width_inflate,640,360,645,362
P01,gaze_confirm,adaptive,3,2,200,50,100,TRUE,1,mouse,60,1440,900,demo,1,6.93504722027395,969.446684953974,FALSE,FALSE,TRUE,declutter,640,360,645,362
P02,gaze_confirm,adaptive,3,2,200,50,100,TRUE,1,mouse,60,1440,900,demo,1,6.67188057226337,769.4903143107688,FALSE,FALSE,TRUE,declutter,640,360,645,362
P03,gaze_confirm,adaptive,3,2,200,50,100,TRUE,1,mouse,60,1440,900,demo,1,11.598777873338998,1078.083711786754,FALSE,FALSE,FALSE,declutter,640,360,645,362
P01,hand,static,4,2,200,50,100,TRUE,1,mouse,60,1440,900,demo,1,2.6458387418250076,557.65520976235,FALSE,FALSE,FALSE,NA,640,360,645,362
P02,hand,static,4,2,200,50,100,TRUE,1,mouse,60,1440,900,demo,1,3.981383566988363,712.1294981674336,FALSE,FALSE,FALSE,NA,640,360,645,362
P03,hand,static,4,2,200,50,100,TRUE,1,mouse,60,1440,900,demo,1,13.162068157792175,763.9587144191777,FALSE,FALSE,FALSE,NA,640,360,645,362
P01,gaze_confirm,static,4,2,200,50,100,TRUE,1,mouse,60,1440,900,demo,1,7.833266835008453,1020.408240691115,FALSE,FALSE,FALSE,NA,640,360,645,362
P02,gaze_confirm,static,4,2,200,50,100,TRUE,1,mouse,60,1440,900,demo,1,5.8667685395620826,913.7904003360344,FALSE,FALSE,FALSE,NA,640,360,645,362
P03,gaze_confirm,static,4,2,200,50,100,TRUE,1,mouse,60,1440,900,demo,1,20.678537132119693,959.5402394394081,FALSE,FALSE,FALSE,NA,640,360,645,362
P01,hand,adaptive,4,2,200,50,100,TRUE,1,mouse,60,1440,900,demo,1,11.922046271545433,765.3516982171612,FALSE,FALSE,FALSE,width_inflate,640,360,645,362
P02,hand,adaptive,4,2,200,50,100,TRUE,1,mouse,60,1440,900,demo,1,6.580763514096837,475.2240899508289,FALSE,FALSE,FALSE,width_inflate,640,360,645,362
P03,hand,adaptive,4,2,200,50,100,TRUE,1,mouse,60,1440,900,demo,1,2.8647808213372947,556.1912346161502,FALSE,FALSE,FALSE,width_inflate,640,360,645,362
P01,gaze_confirm,adaptive,4,2,200,50,100,TRUE,1,mouse,60,1440,900,demo,1,11.302309368708686,938.4482777179933,FALSE,FALSE,FALSE,declutter,640,360,645,362
P02,gaze_confirm,adaptive,4,2,200,50,100,TRUE,1,mouse,60,1440,900,demo,1,24.491744073540133,846.626162599561,FALSE,FALSE,FALSE,declutter,640,360,645,362
P03,gaze_confirm,adaptive,4,2,200,50,100,TRUE,1,mouse,60,1440,900,demo,1,10.80467256864828,1064.40047927652,FALSE,FALSE,TRUE,declutter,640,360,645,362
P01,hand,static,1,3,200,50,100,TRUE,1,mouse,60,1440,900,demo,1,26.24799591619893,780.7904636025803,TRUE,FALSE,FALSE,NA,640,360,645,362
P02,hand,static,1,3,200,50,100,TRUE,1,mouse,60,1440,900,demo,1,18.391327514222272,708.6600102897708,FALSE,FALSE,FALSE,NA,640,360,645,362
P03,hand,static,1,3,200,50,100,TRUE,1,mouse,60,1440,900,demo,1,2.828404309205723,519.0691218955984,FALSE,FALSE,FALSE,NA,640,360,645,362
P01,gaze_confirm,static,1,3,200,50,100,TRUE,1,mouse,60,1440,900,demo,1,18.47557620552205,953.132027039149,FALSE,FALSE,FALSE,NA,640,360,645,362
P02,gaze_confirm,static,1,3,200,50,100,TRUE,1,mouse,60,1440,900,demo,1,12.787318146587419,912.0300958163608,FALSE,FALSE,FALSE,NA,640,360,645,362
P03,gaze_confirm,static,1,3,200,50,100,TRUE,1,mouse,60,1440,900,demo,1,4.623906764817532,937.7184183775282,FALSE,FALSE,FALSE,NA,640,360,645,362
P01,hand,adaptive,1,3,200,50,100,TRUE,1,mouse,60,1440,900,demo,1,2.960302541548484,508.21289275331776,FALSE,FALSE,FALSE,width_inflate,640,360,645,362
P02,hand,adaptive,1,3,200,50,100,TRUE,1,mouse,60,1440,900,demo,1,4.170511192772797,709.838965259591,FALSE,FALSE,TRUE,width_inflate,640,360,645,362
P03,hand,adaptive,1,3,200,50,100,TRUE,1,mouse,60,1440,900,demo,1,11.419422807180188,525.325227163156,FALSE,FALSE,TRUE,width_inflate,640,360,645,362
P01,gaze_confirm,adaptive,1,3,200,50,100,TRUE,1,mouse,60,1440,900,demo,1,0.8104990465605648,872.8533622269108,FALSE,FALSE,FALSE,declutter,640,360,645,362
P02,gaze_confirm,adaptive,1,3,200,50,100,TRUE,1,mouse,60,1440,900,demo,1,14.128280450227365,945.7710995341623,FALSE,FALSE,FALSE,declutter,640,360,645,362
P03,gaze_confirm,adaptive,1,3,200,50,100,TRUE,1,mouse,60,1440,900,demo,1,30.02295485858646,805.9781053184342,TRUE,FALSE,FALSE,declutter,640,360,645,362
P01,hand,static,2,3,200,50,100,TRUE,1,mouse,60,1440,900,demo,1,4.5627182434531495,769.9589686816078,FALSE,FALSE,FALSE,NA,640,360,645,362
P02,hand,static,2,3,200,50,100,TRUE,1,mouse,60,1440,900,demo,1,11.027959308729194,542.018751801797,FALSE,FALSE,FALSE,NA,640,360,645,362
P03,hand,static,2,3,200,50,100,TRUE,1,mouse,60,1440,900,demo,1,6.904163551300702,362.82703852473503,FALSE,FALSE,FALSE,NA,640,360,645,362
P01,gaze_confirm,static,2,3,200,50,100,TRUE,1,mouse,60,1440,900,demo,1,10.943357800050599,1005.7961588943023,FALSE,FALSE,FALSE,NA,640,360,645,362
P02,gaze_confirm,static,2,3,200,50,100,TRUE,1,mouse,60,1440,900,demo,1,29.121888749204953,1050.86477923532,TRUE,FALSE,FALSE,NA,640,360,645,362
P03,gaze_confirm,static,2,3,200,50,100,TRUE,1,mouse,60,1440,900,demo,1,1.0001153794417097,915.698549169034,FALSE,FALSE,FALSE,NA,640,360,645,362
P01,hand,adaptive,2,3,200,50,100,TRUE,1,mouse,60,1440,900,demo,1,6.2328864473215475,710.495150550993,FALSE,FALSE,TRUE,width_inflate,640,360,645,362
P02,hand,adaptive,2,3,200,50,100,TRUE,1,mouse,60,1440,900,demo,1,3.613840346000573,511.29001698995944,FALSE,FALSE,FALSE,width_inflate,640,360,645,362
P03,hand,adaptive,2,3,200,50,100,TRUE,1,mouse,60,1440,900,demo,1,1.2681143297873199,634.7421671809205,FALSE,FALSE,FALSE,width_inflate,640,360,645,362
P01,gaze_confirm,adaptive,2,3,200,50,100,TRUE,1,mouse,60,1440,900,demo,1,11.532708149496777,667.0177948751259,FALSE,FALSE,FALSE,declutter,640,360,645,362
P02,gaze_confirm,adaptive,2,3,200,50,100,TRUE,1,mouse,60,1440,900,demo,1,15.294678228604479,1041.7417069726225,FALSE,FALSE,FALSE,declutter,640,360,645,362
P03,gaze_confirm,adaptive,2,3,200,50,100,TRUE,1,mouse,60,1440,900,demo,1,18.434318230888437,1123.1893033851793,FALSE,FALSE,FALSE,declutter,640,360,645,362
P01,hand,static,3,3,200,50,100,TRUE,1,mouse,60,1440,900,demo,1,1.4117591652015107,828.8814712338387,FALSE,FALSE,FALSE,NA,640,360,645,362
P02,hand,static,3,3,200,50,100,TRUE,1,mouse,60,1440,900,demo,1,11.369695370217626,696.718364030351,FALSE,FALSE,FALSE,NA,640,360,645,362
P03,hand,static,3,3,200,50,100,TRUE,1,mouse,60,1440,900,demo,1,5.886689324408021,696.0003589268897,FALSE,FALSE,FALSE,NA,640,360,645,362
P01,gaze_confirm,static,3,3,200,50,100,TRUE,1,mouse,60,1440,900,demo,1,4.609659459568451,768.0718852218681,FALSE,FALSE,FALSE,NA,640,360,645,362
P02,gaze_confirm,static,3,3,200,50,100,TRUE,1,mouse,60,1440,900,demo,1,33.18951609417974,1044.8462412665874,TRUE,FALSE,FALSE,NA,640,360,645,362
P03,gaze_confirm,static,3,3,200,50,100,TRUE,1,mouse,60,1440,900,demo,1,11.735098230518249,924.7118983169869,FALSE,FALSE,FALSE,NA,640,360,645,362
P01,hand,adaptive,3,3,200,50,100,TRUE,1,mouse,60,1440,900,demo,1,2.8246388674182823,571.190848956671,FALSE,FALSE,FALSE,width_inflate,640,360,645,362
P02,hand,adaptive,3,3,200,50,100,TRUE,1,mouse,60,1440,900,demo,1,0.9355301947645293,480.55690488100294,FALSE,FALSE,TRUE,width_inflate,640,360,645,362
P03,hand,adaptive,3,3,200,50,100,TRUE,1,mouse,60,1440,900,demo,1,11.542279609561547,614.0285004024473,FALSE,FALSE,TRUE,width_inflate,640,360,645,362
P01,gaze_confirm,adaptive,3,3,200,50,100,TRUE,1,mouse,60,1440,900,demo,1,1.2835455502247761,798.112663797995,FALSE,FALSE,FALSE,declutter,640,360,645,362
P02,gaze_confirm,adaptive,3,3,200,50,100,TRUE,1,mouse,60,1440,900,demo,1,26.001915451620278,852.3563375606597,TRUE,FALSE,FALSE,declutter,640,360,645,362
P03,gaze_confirm,adaptive,3,3,200,50,100,TRUE,1,mouse,60,1440,900,demo,1,8.127072955425863,753.8880014683683,FALSE,FALSE,TRUE,declutter,640,360,645,362
P01,hand,static,4,3,200,50,100,TRUE,1,mouse,60,1440,900,demo,1,0.49479506391527917,902.5107379534837,FALSE,FALSE,FALSE,NA,640,360,645,362
P02,hand,static,4,3,200,50,100,TRUE,1,mouse,60,1440,900,demo,1,5.069961988075498,698.0796967350437,FALSE,FALSE,FALSE,NA,640,360,645,362
P03,hand,static,4,3,200,50,100,TRUE,1,mouse,60,1440,900,demo,1,24.638966658486186,828.9934092726863,FALSE,FALSE,FALSE,NA,640,360,645,362
P01,gaze_confirm,static,4,3,200,50,100,TRUE,1,mouse,60,1440,900,demo,1,20.36406984145516,637.7960395690818,FALSE,FALSE,FALSE,NA,640,360,645,362
P02,gaze_confirm,static,4,3,200,50,100,TRUE,1,mouse,60,1440,900,demo,1,26.291521276646794,895.6162604006195,TRUE,FALSE,FALSE,NA,640,360,645,362
P03,gaze_confirm,static,4,3,200,50,100,TRUE,1,mouse,60,1440,900,demo,1,13.319055195792025,868.9421250089515,FALSE,FALSE,FALSE,NA,640,360,645,362
P01,hand,adaptive,4,3,200,50,100,TRUE,1,mouse,60,1440,900,demo,1,22.9092428306098,503.24885847609045,FALSE,FALSE,FALSE,width_inflate,640,360,645,362
P02,hand,adaptive,4,3,200,50,100,TRUE,1,mouse,60,1440,900,demo,1,17.32671793166159,835.5930985068914,FALSE,FALSE,FALSE,width_inflate,640,360,645,362
P03,hand,adaptive,4,3,200,50,100,TRUE,1,mouse,60,1440,900,demo,1,8.42141202449653,480.1661696276612,FALSE,FALSE,TRUE,width_inflate,640,360,645,362
P01,gaze_confirm,adaptive,4,3,200,50,100,TRUE,1,mouse,60,1440,900,demo,1,4.719554809244425,938.206831248963,FALSE,FALSE,FALSE,declutter,640,360,645,362
P02,gaze_confirm,adaptive,4,3,200,50,100,TRUE,1,mouse,60,1440,900,demo,1,28.29859486461878,1001.5723542695631,TRUE,FALSE,FALSE,declutter,640,360,645,362
P03,gaze_confirm,adaptive,4,3,200,50,100,TRUE,1,mouse,60,1440,900,demo,1,27.264017768071525,921.3828226101627,TRUE,FALSE,FALSE,declutter,640,360,645,362
P01,hand,static,1,4,200,50,100,TRUE,1,mouse,60,1440,900,demo,1,19.218434082895122,594.9693427005382,FALSE,FALSE,FALSE,NA,640,360,645,362
P02,hand,static,1,4,200,50,100,TRUE,1,mouse,60,1440,900,demo,1,6.370878266043636,812.9398968069,FALSE,FALSE,FALSE,NA,640,360,645,362
P03,hand,static,1,4,200,50,100,TRUE,1,mouse,60,1440,900,demo,1,17.5410670199508,720.4705698209006,FALSE,FALSE,FALSE,NA,640,360,645,362
P01,gaze_confirm,static,1,4,200,50,100,TRUE,1,mouse,60,1440,900,demo,1,12.382501913564896,822.3802512341548,FALSE,FALSE,FALSE,NA,640,360,645,362
P02,gaze_confirm,static,1,4,200,50,100,TRUE,1,mouse,60,1440,900,demo,1,37.80196092946209,783.4341142877527,TRUE,FALSE,FALSE,NA,640,360,645,362
P03,gaze_confirm,static,1,4,200,50,100,TRUE,1,mouse,60,1440,900,demo,1,23.166548568633225,1200.4060921391776,FALSE,FALSE,FALSE,NA,640,360,645,362
P01,hand,adaptive,1,4,200,50,100,TRUE,1,mouse,60,1440,900,demo,1,9.452866169702133,568.5796225497876,FALSE,FALSE,TRUE,width_inflate,640,360,645,362
P02,hand,adaptive,1,4,200,50,100,TRUE,1,mouse,60,1440,900,demo,1,9.22850689201092,427.33140152983515,FALSE,FALSE,FALSE,width_inflate,640,360,645,362
P03,hand,adaptive,1,4,200,50,100,TRUE,1,mouse,60,1440,900,demo,1,3.986430947401412,713.9911235304382,FALSE,FALSE,FALSE,width_inflate,640,360,645,362
P01,gaze_confirm,adaptive,1,4,200,50,100,TRUE,1,mouse,60,1440,900,demo,1,18.15077894898614,937.2276307273074,FALSE,FALSE,FALSE,declutter,640,360,645,362
P02,gaze_confirm,adaptive,1,4,200,50,100,TRUE,1,mouse,60,1440,900,demo,1,2.150146919351856,737.5398797132882,FALSE,FALSE,FALSE,declutter,640,360,645,362
P03,gaze_confirm,adaptive,1,4,200,50,100,TRUE,1,mouse,60,1440,900,demo,1,5.04711603306444,666.8452303701661,FALSE,FALSE,FALSE,declutter,640,360,645,362
P01,hand,static,2,4,200,50,100,TRUE,1,mouse,60,1440,900,demo,1,6.755874398645759,686.0436979409674,FALSE,FALSE,FALSE,NA,640,360,645,362
P02,hand,static,2,4,200,50,100,TRUE,1,mouse,60,1440,900,demo,1,4.46926507324595,836.7275550051306,FALSE,FALSE,FALSE,NA,640,360,645,362
P03,hand,static,2,4,200,50,100,TRUE,1,mouse,60,1440,900,demo,1,11.72368064022745,776.3348842218578,FALSE,FALSE,FALSE,NA,640,360,645,362
P01,gaze_confirm,static,2,4,200,50,100,TRUE,1,mouse,60,1440,900,demo,1,6.742455439806249,890.8475091005627,FALSE,FALSE,FALSE,NA,640,360,645,362
P02,gaze_confirm,static,2,4,200,50,100,TRUE,1,mouse,60,1440,900,demo,1,18.948806380427975,849.8974122098747,FALSE,FALSE,FALSE,NA,640,360,645,362
P03,gaze_confirm,static,2,4,200,50,100,TRUE,1,mouse,60,1440,900,demo,1,18.885186119989186,982.5280108100654,FALSE,FALSE,FALSE,NA,640,360,645,362
P01,hand,adaptive,2,4,200,50,100,TRUE,1,mouse,60,1440,900,demo,1,15.121862937097346,668.8824016659389,FALSE,FALSE,FALSE,width_inflate,640,360,645,362
P02,hand,adaptive,2,4,200,50,100,TRUE,1,mouse,60,1440,900,demo,1,38.892479219308854,725.5654096031274,TRUE,FALSE,TRUE,width_inflate,640,360,645,362
P03,hand,adaptive,2,4,200,50,100,TRUE,1,mouse,60,1440,900,demo,1,5.0022910579251825,602.5042459653324,FALSE,FALSE,FALSE,width_inflate,640,360,645,362
P01,gaze_confirm,adaptive,2,4,200,50,100,TRUE,1,mouse,60,1440,900,demo,1,5.368096647732877,1007.922486384372,FALSE,FALSE,FALSE,declutter,640,360,645,362
P02,gaze_confirm,adaptive,2,4,200,50,100,TRUE,1,mouse,60,1440,900,demo,1,11.458254132609275,800.3026167196502,FALSE,FALSE,FALSE,declutter,640,360,645,362
P03,gaze_confirm,adaptive,2,4,200,50,100,TRUE,1,mouse,60,1440,900,demo,1,8.708051262757383,860.33463598560445,FALSE,FALSE,FALSE,declutter,640,360,645,362
P01,hand,static,3,4,200,50,100,TRUE,1,mouse,60,1440,900,demo,1,6.20234453176331,788.8977428471086,FALSE,FALSE,FALSE,NA,640,360,645,362
P02,hand,static,3,4,200,50,100,TRUE,1,mouse,60,1440,900,demo,1,4.4275743286210325,818.7965930352535,FALSE,FALSE,FALSE,NA,640,360,645,362
P03,hand,static,3,4,200,50,100,TRUE,1,mouse,60,1440,900,demo,1,2.5845660917003217,467.3794358255945,FALSE,FALSE,FALSE,NA,640,360,645,362
P01,gaze_confirm,static,3,4,200,50,100,TRUE,1,mouse,60,1440,900,demo,1,1.1752746034556747,962.8628488419383,FALSE,FALSE,FALSE,NA,640,360,645,362
P02,gaze_confirm,static,3,4,200,50,100,TRUE,1,mouse,60,1440,900,demo,1,0.6132105672923519,1023.0534814081556,FALSE,FALSE,FALSE,NA,640,360,645,362
P03,gaze_confirm,static,3,4,200,50,100,TRUE,1,mouse,60,1440,900,demo,1,38.31213418229126,775.9010823811242,TRUE,FALSE,FALSE,NA,640,360,645,362
P01,hand,adaptive,3,4,200,50,100,TRUE,1,mouse,60,1440,900,demo,1,8.89603315527394,707.6750719850261,FALSE,FALSE,FALSE,width_inflate,640,360,645,362
P02,hand,adaptive,3,4,200,50,100,TRUE,1,mouse,60,1440,900,demo,1,13.151955204895966,550.6190875523844,FALSE,FALSE,FALSE,width_inflate,640,360,645,362
P03,hand,adaptive,3,4,200,50,100,TRUE,1,mouse,60,1440,900,demo,1,0.45346079005294565,772.4303614597314,FALSE,FALSE,FALSE,width_inflate,640,360,645,362
P01,gaze_confirm,adaptive,3,4,200,50,100,TRUE,1,mouse,60,1440,900,demo,1,5.5886534899764655,964.6178438523169,FALSE,FALSE,FALSE,declutter,640,360,645,362
P02,gaze_confirm,adaptive,3,4,200,50,100,TRUE,1,mouse,60,1440,900,demo,1,7.857422620383294,992.2862753994731,FALSE,FALSE,FALSE,declutter,640,360,645,362
P03,gaze_confirm,adaptive,3,4,200,50,100,TRUE,1,mouse,60,1440,900,demo,1,8.250575988799902,914.4863195144441,FALSE,FALSE,TRUE,declutter,640,360,645,362
P01,hand,static,4,4,200,50,100,TRUE,1,mouse,60,1440,900,demo,1,12.759913607654292,803.6378120989305,FALSE,FALSE,FALSE,NA,640,360,645,362
P02,hand,static,4,4,200,50,100,TRUE,1,mouse,60,1440,900,demo,1,15.158222113073881,865.6617433977445,FALSE,FALSE,FALSE,NA,640,360,645,362
P03,hand,static,4,4,200,50,100,TRUE,1,mouse,60,1440,900,demo,1,4.195804655442657,935.949761854676,FALSE,FALSE,FALSE,NA,640,360,645,362
P01,gaze_confirm,static,4,4,200,50,100,TRUE,1,mouse,60,1440,900,demo,1,15.579231527760736,946.5925934301122,FALSE,FALSE,FALSE,NA,640,360,645,362
P02,gaze_confirm,static,4,4,200,50,100,TRUE,1,mouse,60,1440,900,demo,1,4.2530322409397385,680.1138691601114,FALSE,FALSE,FALSE,NA,640,360,645,362
P03,gaze_confirm,static,4,4,200,50,100,TRUE,1,mouse,60,1440,900,demo,1,3.5491660982739397,953.783120551279,FALSE,FALSE,FALSE,NA,640,360,645,362
P01,hand,adaptive,4,4,200,50,100,TRUE,1,mouse,60,1440,900,demo,1,13.319043476563689,674.667345013997,FALSE,FALSE,TRUE,width_inflate,640,360,645,362
P02,hand,adaptive,4,4,200,50,100,TRUE,1,mouse,60,1440,900,demo,1,1.0168475063663571,631.3585583426722,FALSE,FALSE,FALSE,width_inflate,640,360,645,362
P03,hand,adaptive,4,4,200,50,100,TRUE,1,mouse,60,1440,900,demo,1,9.048645422214257,718.1946344932489,FALSE,FALSE,FALSE,width_inflate,640,360,645,362
P01,gaze_confirm,adaptive,4,4,200,50,100,TRUE,1,mouse,60,1440,900,demo,1,8.987256309100696,1021.2813557417118,FALSE,FALSE,FALSE,declutter,640,360,645,362
P02,gaze_confirm,adaptive,4,4,200,50,100,TRUE,1,mouse,60,1440,900,demo,1,3.8600155724688228,837.8421083798614,FALSE,FALSE,FALSE,declutter,640,360,645,362
P03,gaze_confirm,adaptive,4,4,200,50,100,TRUE,1,mouse,60,1440,900,demo,1,5.844346406835024,864.7085607412668,FALSE,FALSE,FALSE,declutter,640,360,645,362
P01,hand,static,1,5,200,50,100,TRUE,1,mouse,60,1440,900,demo,1,1.1350023380828573,747.7410650560407,FALSE,FALSE,FALSE,NA,640,360,645,362
P02,hand,static,1,5,200,50,100,TRUE,1,mouse,60,1440,900,demo,1,10.7443602957305,633.9731510213035,FALSE,FALSE,FALSE,NA,640,360,645,362
P03,hand,static,1,5,200,50,100,TRUE,1,mouse,60,1440,900,demo,1,15.729618399935664,710.9520860185883,FALSE,FALSE,FALSE,NA,640,360,645,362
P01,gaze_confirm,static,1,5,200,50,100,TRUE,1,mouse,60,1440,900,demo,1,35.9498409254634,714.5950881337637,TRUE,FALSE,FALSE,NA,640,360,645,362
P02,gaze_confirm,static,1,5,200,50,100,TRUE,1,mouse,60,1440,900,demo,1,10.812758826103517,815.6120334322851,FALSE,FALSE,FALSE,NA,640,360,645,362
P03,gaze_confirm,static,1,5,200,50,100,TRUE,1,mouse,60,1440,900,demo,1,22.52288450924899,790.669342927505,FALSE,FALSE,FALSE,NA,640,360,645,362
P01,hand,adaptive,1,5,200,50,100,TRUE,1,mouse,60,1440,900,demo,1,7.3339910001650495,547.565156392731,FALSE,FALSE,FALSE,width_inflate,640,360,645,362
P02,hand,adaptive,1,5,200,50,100,TRUE,1,mouse,60,1440,900,demo,1,14.225761015167727,566.8034566483201,FALSE,FALSE,FALSE,width_inflate,640,360,645,362
P03,hand,adaptive,1,5,200,50,100,TRUE,1,mouse,60,1440,900,demo,1,26.385724186604634,695.8766171055644,TRUE,FALSE,FALSE,width_inflate,640,360,645,362
P01,gaze_confirm,adaptive,1,5,200,50,100,TRUE,1,mouse,60,1440,900,demo,1,23.623433575803187,1017.8535603027169,FALSE,FALSE,FALSE,declutter,640,360,645,362
P02,gaze_confirm,adaptive,1,5,200,50,100,TRUE,1,mouse,60,1440,900,demo,1,4.772611020534353,812.7139765094958,FALSE,FALSE,FALSE,declutter,640,360,645,362
P03,gaze_confirm,adaptive,1,5,200,50,100,TRUE,1,mouse,60,1440,900,demo,1,9.777493066177607,780.3793221146394,FALSE,FALSE,FALSE,declutter,640,360,645,362
P01,hand,static,2,5,200,50,100,TRUE,1,mouse,60,1440,900,demo,1,4.9720793750263175,574.9973369212589,FALSE,FALSE,FALSE,NA,640,360,645,362
P02,hand,static,2,5,200,50,100,TRUE,1,mouse,60,1440,900,demo,1,5.714962735386939,650.2493528363592,FALSE,FALSE,FALSE,NA,640,360,645,362
P03,hand,static,2,5,200,50,100,TRUE,1,mouse,60,1440,900,demo,1,9.46323405420291,671.3165118216923,FALSE,FALSE,FALSE,NA,640,360,645,362
P01,gaze_confirm,static,2,5,200,50,100,TRUE,1,mouse,60,1440,900,demo,1,10.703110814271199,1008.0341040605923,FALSE,FALSE,FALSE,NA,640,360,645,362
P02,gaze_confirm,static,2,5,200,50,100,TRUE,1,mouse,60,1440,900,demo,1,29.716334412060423,911.4410189397933,TRUE,FALSE,FALSE,NA,640,360,645,362
P03,gaze_confirm,static,2,5,200,50,100,TRUE,1,mouse,60,1440,900,demo,1,0.9725062515379287,700.5812877367972,FALSE,FALSE,FALSE,NA,640,360,645,362
P01,hand,adaptive,2,5,200,50,100,TRUE,1,mouse,60,1440,900,demo,1,1.4309428371310098,639.0278869339834,FALSE,FALSE,TRUE,width_inflate,640,360,645,362
P02,hand,adaptive,2,5,200,50,100,TRUE,1,mouse,60,1440,900,demo,1,2.924249155189103,792.4624172781868,FALSE,FALSE,FALSE,width_inflate,640,360,645,362
P03,hand,adaptive,2,5,200,50,100,TRUE,1,mouse,60,1440,900,demo,1,14.789710541824054,792.992152221239,FALSE,FALSE,TRUE,width_inflate,640,360,645,362
P01,gaze_confirm,adaptive,2,5,200,50,100,TRUE,1,mouse,60,1440,900,demo,1,9.289148957006041,805.3244138266524,FALSE,FALSE,TRUE,declutter,640,360,645,362
P02,gaze_confirm,adaptive,2,5,200,50,100,TRUE,1,mouse,60,1440,900,demo,1,17.865128707056673,714.2668147634915,FALSE,FALSE,FALSE,declutter,640,360,645,362
P03,gaze_confirm,adaptive,2,5,200,50,100,TRUE,1,mouse,60,1440,900,demo,1,30.162544783257417,1194.9672590238329,TRUE,FALSE,FALSE,declutter,640,360,645,362
P01,hand,static,3,5,200,50,100,TRUE,1,mouse,60,1440,900,demo,1,5.293958602863426,680.5093669024697,FALSE,FALSE,FALSE,NA,640,360,645,362
P02,hand,static,3,5,200,50,100,TRUE,1,mouse,60,1440,900,demo,1,8.676791639278484,688.3058499873259,FALSE,FALSE,FALSE,NA,640,360,645,362
P03,hand,static,3,5,200,50,100,TRUE,1,mouse,60,1440,900,demo,1,14.835277426599514,750.4689026437776,FALSE,FALSE,FALSE,NA,640,360,645,362
P01,gaze_confirm,static,3,5,200,50,100,TRUE,1,mouse,60,1440,900,demo,1,23.124883001720338,756.3152652057057,FALSE,FALSE,FALSE,NA,640,360,645,362
P02,gaze_confirm,static,3,5,200,50,100,TRUE,1,mouse,60,1440,900,demo,1,10.331522627363764,862.6137066570456,FALSE,FALSE,FALSE,NA,640,360,645,362
P03,gaze_confirm,static,3,5,200,50,100,TRUE,1,mouse,60,1440,900,demo,1,11.12374470899751,765.1469113651989,FALSE,FALSE,FALSE,NA,640,360,645,362
P01,hand,adaptive,3,5,200,50,100,TRUE,1,mouse,60,1440,900,demo,1,13.31817766715662,566.8286463187286,FALSE,FALSE,FALSE,width_inflate,640,360,645,362
P02,hand,adaptive,3,5,200,50,100,TRUE,1,mouse,60,1440,900,demo,1,8.491060246027057,664.2619319605474,FALSE,FALSE,TRUE,width_inflate,640,360,645,362
P03,hand,adaptive,3,5,200,50,100,TRUE,1,mouse,60,1440,900,demo,1,4.363887565143029,486.2348650415705,FALSE,FALSE,TRUE,width_inflate,640,360,645,362
P01,gaze_confirm,adaptive,3,5,200,50,100,TRUE,1,mouse,60,1440,900,demo,1,1.0754988729228125,970.7979215240775,FALSE,FALSE,TRUE,declutter,640,360,645,362
P02,gaze_confirm,adaptive,3,5,200,50,100,TRUE,1,mouse,60,1440,900,demo,1,12.682736346241262,934.7212834580803,FALSE,FALSE,FALSE,declutter,640,360,645,362
P03,gaze_confirm,adaptive,3,5,200,50,100,TRUE,1,mouse,60,1440,900,demo,1,12.909926908332178,791.4941969255233,FALSE,FALSE,FALSE,declutter,640,360,645,362
P01,hand,static,4,5,200,50,100,TRUE,1,mouse,60,1440,900,demo,1,10.615805987723041,727.1589930857276,FALSE,FALSE,FALSE,NA,640,360,645,362
P02,hand,static,4,5,200,50,100,TRUE,1,mouse,60,1440,900,demo,1,12.187110943242534,789.7697394992612,FALSE,FALSE,FALSE,NA,640,360,645,362
P03,hand,static,4,5,200,50,100,TRUE,1,mouse,60,1440,900,demo,1,23.46352758590957,827.331430391409,FALSE,FALSE,FALSE,NA,640,360,645,362
P01,gaze_confirm,static,4,5,200,50,100,TRUE,1,mouse,60,1440,900,demo,1,1.6257526913853284,924.4582065624166,FALSE,FALSE,FALSE,NA,640,360,645,362
P02,gaze_confirm,static,4,5,200,50,100,TRUE,1,mouse,60,1440,900,demo,1,3.861698879325894,938.7635847306746,FALSE,FALSE,FALSE,NA,640,360,645,362
P03,gaze_confirm,static,4,5,200,50,100,TRUE,1,mouse,60,1440,900,demo,1,13.293498685312322,939.594303802169,FALSE,FALSE,FALSE,NA,640,360,645,362
P01,hand,adaptive,4,5,200,50,100,TRUE,1,mouse,60,1440,900,demo,1,6.892664277159232,822.9754107266053,FALSE,FALSE,FALSE,width_inflate,640,360,645,362
P02,hand,adaptive,4,5,200,50,100,TRUE,1,mouse,60,1440,900,demo,1,15.804193587662901,785.0086270733593,FALSE,FALSE,FALSE,width_inflate,640,360,645,362
P03,hand,adaptive,4,5,200,50,100,TRUE,1,mouse,60,1440,900,demo,1,2.195104660472728,750.1281881308447,FALSE,FALSE,FALSE,width_inflate,640,360,645,362
P01,gaze_confirm,adaptive,4,5,200,50,100,TRUE,1,mouse,60,1440,900,demo,1,7.5416832886403515,865.5191040191169,FALSE,FALSE,FALSE,declutter,640,360,645,362
P02,gaze_confirm,adaptive,4,5,200,50,100,TRUE,1,mouse,60,1440,900,demo,1,5.83747819490484,944.7889720999688,FALSE,FALSE,FALSE,declutter,640,360,645,362
P03,gaze_confirm,adaptive,4,5,200,50,100,TRUE,1,mouse,60,1440,900,demo,1,14.067656766985523,948.3948397464835,FALSE,FALSE,FALSE,declutter,640,360,645,362
P01,hand,static,1,6,200,50,100,TRUE,1,mouse,60,1440,900,demo,1,9.463463650248022,574.9992046852814,FALSE,FALSE,FALSE,NA,640,360,645,362
P02,hand,static,1,6,200,50,100,TRUE,1,mouse,60,1440,900,demo,1,6.026384620114331,492.60345816151084,FALSE,FALSE,FALSE,NA,640,360,645,362
P03,hand,static,1,6,200,50,100,TRUE,1,mouse,60,1440,900,demo,1,17.952728038156206,777.019603318194,FALSE,FALSE,FALSE,NA,640,360,645,362
P01,gaze_confirm,static,1,6,200,50,100,TRUE,1,mouse,60,1440,900,demo,1,20.47146517198341,766.4827362583493,FALSE,FALSE,FALSE,NA,640,360,645,362
P02,gaze_confirm,static,1,6,200,50,100,TRUE,1,mouse,60,1440,900,demo,1,3.2229286988435715,950.2020426181052,FALSE,FALSE,FALSE,NA,640,360,645,362
P03,gaze_confirm,static,1,6,200,50,100,TRUE,1,mouse,60,1440,900,demo,1,34.24251279022069,980.0297385617997,TRUE,FALSE,FALSE,NA,640,360,645,362
P01,hand,adaptive,1,6,200,50,100,TRUE,1,mouse,60,1440,900,demo,1,1.2116986239457008,717.664086836706,FALSE,FALSE,TRUE,width_inflate,640,360,645,362
P02,hand,adaptive,1,6,200,50,100,TRUE,1,mouse,60,1440,900,demo,1,16.318088445856723,672.7311485017773,FALSE,FALSE,FALSE,width_inflate,640,360,645,362
P03,hand,adaptive,1,6,200,50,100,TRUE,1,mouse,60,1440,900,demo,1,7.9772332232887475,562.057543244345,FALSE,FALSE,FALSE,width_inflate,640,360,645,362
P01,gaze_confirm,adaptive,1,6,200,50,100,TRUE,1,mouse,60,1440,900,demo,1,8.738279620287805,1018.3639031874554,FALSE,FALSE,FALSE,declutter,640,360,645,362
P02,gaze_confirm,adaptive,1,6,200,50,100,TRUE,1,mouse,60,1440,900,demo,1,6.760851690055922,1108.6360520287494,FALSE,FALSE,TRUE,declutter,640,360,645,362
P03,gaze_confirm,adaptive,1,6,200,50,100,TRUE,1,mouse,60,1440,900,demo,1,10.113774543896096,1005.7414570710531,FALSE,FALSE,FALSE,declutter,640,360,645,362
P01,hand,static,2,6,200,50,100,TRUE,1,mouse,60,1440,900,demo,1,4.127006809541511,466.7618918411229,FALSE,FALSE,FALSE,NA,640,360,645,362
P02,hand,static,2,6,200,50,100,TRUE,1,mouse,60,1440,900,demo,1,1.0859597656706539,867.9491422483533,FALSE,FALSE,FALSE,NA,640,360,645,362
P03,hand,static,2,6,200,50,100,TRUE,1,mouse,60,1440,900,demo,1,19.18210525374991,693.2732864576478,FALSE,FALSE,FALSE,NA,640,360,645,362
P01,gaze_confirm,static,2,6,200,50,100,TRUE,1,mouse,60,1440,900,demo,1,1.5941720184999115,1012.9897135183148,FALSE,FALSE,FALSE,NA,640,360,645,362
P02,gaze_confirm,static,2,6,200,50,100,TRUE,1,mouse,60,1440,900,demo,1,19.45439093072731,1024.6439883045273,FALSE,FALSE,FALSE,NA,640,360,645,362
P03,gaze_confirm,static,2,6,200,50,100,TRUE,1,mouse,60,1440,900,demo,1,11.3535740817102,938.3976712151954,FALSE,FALSE,FALSE,NA,640,360,645,362
P01,hand,adaptive,2,6,200,50,100,TRUE,1,mouse,60,1440,900,demo,1,1.363678746073688,640.9684162821528,FALSE,FALSE,TRUE,width_inflate,640,360,645,362
P02,hand,adaptive,2,6,200,50,100,TRUE,1,mouse,60,1440,900,demo,1,18.39482403468718,772.298848319708,FALSE,FALSE,FALSE,width_inflate,640,360,645,362
P03,hand,adaptive,2,6,200,50,100,TRUE,1,mouse,60,1440,900,demo,1,6.253407810630241,735.3922306983493,FALSE,FALSE,FALSE,width_inflate,640,360,645,362
P01,gaze_confirm,adaptive,2,6,200,50,100,TRUE,1,mouse,60,1440,900,demo,1,8.81766815649254,1018.8314695253077,FALSE,FALSE,FALSE,declutter,640,360,645,362
P02,gaze_confirm,adaptive,2,6,200,50,100,TRUE,1,mouse,60,1440,900,demo,1,0.8487797897074899,1185.9512034276393,FALSE,FALSE,TRUE,declutter,640,360,645,362
P03,gaze_confirm,adaptive,2,6,200,50,100,TRUE,1,mouse,60,1440,900,demo,1,23.40357619800277,979.7299036432904,FALSE,FALSE,FALSE,declutter,640,360,645,362
P01,hand,static,3,6,200,50,100,TRUE,1,mouse,60,1440,900,demo,1,27.51694768597313,724.8857388862368,TRUE,FALSE,FALSE,NA,640,360,645,362
P02,hand,static,3,6,200,50,100,TRUE,1,mouse,60,1440,900,demo,1,18.570972707805232,434.7240267309255,FALSE,FALSE,FALSE,NA,640,360,645,362
P03,hand,static,3,6,200,50,100,TRUE,1,mouse,60,1440,900,demo,1,1.5978115719473336,1023.0056803895338,FALSE,FALSE,FALSE,NA,640,360,645,362
P01,gaze_confirm,static,3,6,200,50,100,TRUE,1,mouse,60,1440,900,demo,1,31.61749312003747,892.078781384443,TRUE,FALSE,FALSE,NA,640,360,645,362
P02,gaze_confirm,static,3,6,200,50,100,TRUE,1,mouse,60,1440,900,demo,1,6.998037553291381,1234.9681658114473,FALSE,FALSE,FALSE,NA,640,360,645,362
P03,gaze_confirm,static,3,6,200,50,100,TRUE,1,mouse,60,1440,900,demo,1,1.6057300153193017,994.9572281605986,FALSE,FALSE,FALSE,NA,640,360,645,362
P01,hand,adaptive,3,6,200,50,100,TRUE,1,mouse,60,1440,900,demo,1,10.140156048809231,834.6116238676152,FALSE,FALSE,FALSE,width_inflate,640,360,645,362
P02,hand,adaptive,3,6,200,50,100,TRUE,1,mouse,60,1440,900,demo,1,11.550335621811252,636.8347614588513,FALSE,FALSE,TRUE,width_inflate,640,360,645,362
P03,hand,adaptive,3,6,200,50,100,TRUE,1,mouse,60,1440,900,demo,1,8.211713152997573,711.3764905637751,FALSE,FALSE,FALSE,width_inflate,640,360,645,362
P01,gaze_confirm,adaptive,3,6,200,50,100,TRUE,1,mouse,60,1440,900,demo,1,25.114938296390413,925.6749575570714,TRUE,FALSE,FALSE,declutter,640,360,645,362
P02,gaze_confirm,adaptive,3,6,200,50,100,TRUE,1,mouse,60,1440,900,demo,1,15.293574821400393,877.6655160751806,FALSE,FALSE,FALSE,declutter,640,360,645,362
P03,gaze_confirm,adaptive,3,6,200,50,100,TRUE,1,mouse,60,1440,900,demo,1,8.038029895690002,885.5527410453008,FALSE,FALSE,FALSE,declutter,640,360,645,362
P01,hand,static,4,6,200,50,100,TRUE,1,mouse,60,1440,900,demo,1,2.097632401935068,821.5401203013105,FALSE,FALSE,FALSE,NA,640,360,645,362
P02,hand,static,4,6,200,50,100,TRUE,1,mouse,60,1440,900,demo,1,0.8946141260848148,675.82502236342,FALSE,FALSE,FALSE,NA,640,360,645,362
P03,hand,static,4,6,200,50,100,TRUE,1,mouse,60,1440,900,demo,1,5.138001179646066,455.478100667104,FALSE,FALSE,FALSE,NA,640,360,645,362
P01,gaze_confirm,static,4,6,200,50,100,TRUE,1,mouse,60,1440,900,demo,1,0.4441496908705189,926.4932901404206,FALSE,FALSE,FALSE,NA,640,360,645,362
P02,gaze_confirm,static,4,6,200,50,100,TRUE,1,mouse,60,1440,900,demo,1,30.014551756541934,1014.7748726643529,TRUE,FALSE,FALSE,NA,640,360,645,362
P03,gaze_confirm,static,4,6,200,50,100,TRUE,1,mouse,60,1440,900,demo,1,13.256927365921957,1023.9746859621728,FALSE,FALSE,FALSE,NA,640,360,645,362
P01,hand,adaptive,4,6,200,50,100,TRUE,1,mouse,60,1440,900,demo,1,4.63231882019611,723.9881380972921,FALSE,FALSE,FALSE,width_inflate,640,360,645,362
P02,hand,adaptive,4,6,200,50,100,TRUE,1,mouse,60,1440,900,demo,1,3.1878195033386687,446.94781749571024,FALSE,FALSE,TRUE,width_inflate,640,360,645,362
P03,hand,adaptive,4,6,200,50,100,TRUE,1,mouse,60,1440,900,demo,1,1.4177341325601682,694.2490469613433,FALSE,FALSE,TRUE,width_inflate,640,360,645,362
P01,gaze_confirm,adaptive,4,6,200,50,100,TRUE,1,mouse,60,1440,900,demo,1,2.41269561663234,1016.1431051936477,FALSE,FALSE,FALSE,declutter,640,360,645,362
P02,gaze_confirm,adaptive,4,6,200,50,100,TRUE,1,mouse,60,1440,900,demo,1,3.978350434098039,1053.1894417761189,FALSE,FALSE,TRUE,declutter,640,360,645,362
P03,gaze_confirm,adaptive,4,6,200,50,100,TRUE,1,mouse,60,1440,900,demo,1,29.535230987594748,873.0046474747061,TRUE,FALSE,FALSE,declutter,640,360,645,362
P01,hand,static,1,7,200,50,100,TRUE,1,mouse,60,1440,900,demo,1,2.6286045472017094,661.3728896580639,FALSE,FALSE,FALSE,NA,640,360,645,362
P02,hand,static,1,7,200,50,100,TRUE,1,mouse,60,1440,900,demo,1,2.01678460661589,878.5405398253647,FALSE,FALSE,FALSE,NA,640,360,645,362
P03,hand,static,1,7,200,50,100,TRUE,1,mouse,60,1440,900,demo,1,14.020606476829116,499.84863450648163,FALSE,FALSE,FALSE,NA,640,360,645,362
P01,gaze_confirm,static,1,7,200,50,100,TRUE,1,mouse,60,1440,900,demo,1,18.975258420784545,897.580402770425,FALSE,FALSE,FALSE,NA,640,360,645,362
P02,gaze_confirm,static,1,7,200,50,100,TRUE,1,mouse,60,1440,900,demo,1,20.61473598684643,1004.8954495228945,FALSE,FALSE,FALSE,NA,640,360,645,362
P03,gaze_confirm,static,1,7,200,50,100,TRUE,1,mouse,60,1440,900,demo,1,10.394424019072023,755.8671481542528,FALSE,FALSE,FALSE,NA,640,360,645,362
P01,hand,adaptive,1,7,200,50,100,TRUE,1,mouse,60,1440,900,demo,1,24.029792763513953,683.5553434918108,FALSE,FALSE,FALSE,width_inflate,640,360,645,362
P02,hand,adaptive,1,7,200,50,100,TRUE,1,mouse,60,1440,900,demo,1,0.8004104511621958,875.3436825262631,FALSE,FALSE,TRUE,width_inflate,640,360,645,362
P03,hand,adaptive,1,7,200,50,100,TRUE,1,mouse,60,1440,900,demo,1,22.40222213648235,649.5127215876391,FALSE,FALSE,TRUE,width_inflate,640,360,645,362
P01,gaze_confirm,adaptive,1,7,200,50,100,TRUE,1,mouse,60,1440,900,demo,1,24.316248348552804,866.5855170043696,FALSE,FALSE,FALSE,declutter,640,360,645,362
P02,gaze_confirm,adaptive,1,7,200,50,100,TRUE,1,mouse,60,1440,900,demo,1,0.3777045543762746,956.9894056840865,FALSE,FALSE,FALSE,declutter,640,360,645,362
P03,gaze_confirm,adaptive,1,7,200,50,100,TRUE,1,mouse,60,1440,900,demo,1,22.498462277445878,866.5113395055232,FALSE,FALSE,FALSE,declutter,640,360,645,362
P01,hand,static,2,7,200,50,100,TRUE,1,mouse,60,1440,900,demo,1,8.582906246673552,797.6080448894878,FALSE,FALSE,FALSE,NA,640,360,645,362
P02,hand,static,2,7,200,50,100,TRUE,1,mouse,60,1440,900,demo,1,9.032267618612904,808.5322557339634,FALSE,FALSE,FALSE,NA,640,360,645,362
P03,hand,static,2,7,200,50,100,TRUE,1,mouse,60,1440,900,demo,1,11.262464443282724,700.3229993476145,FALSE,FALSE,FALSE,NA,640,360,645,362
P01,gaze_confirm,static,2,7,200,50,100,TRUE,1,mouse,60,1440,900,demo,1,18.945239028097255,808.7969410700327,FALSE,FALSE,FALSE,NA,640,360,645,362
P02,gaze_confirm,static,2,7,200,50,100,TRUE,1,mouse,60,1440,900,demo,1,7.868871597247177,791.8135127049094,FALSE,FALSE,FALSE,NA,640,360,645,362
P03,gaze_confirm,static,2,7,200,50,100,TRUE,1,mouse,60,1440,900,demo,1,5.961225113261674,878.840316121362,FALSE,FALSE,FALSE,NA,640,360,645,362
P01,hand,adaptive,2,7,200,50,100,TRUE,1,mouse,60,1440,900,demo,1,24.17052597504864,745.6856600659803,FALSE,FALSE,TRUE,width_inflate,640,360,645,362
P02,hand,adaptive,2,7,200,50,100,TRUE,1,mouse,60,1440,900,demo,1,2.5437652004675013,415.015379041169,FALSE,FALSE,FALSE,width_inflate,640,360,645,362
P03,hand,adaptive,2,7,200,50,100,TRUE,1,mouse,60,1440,900,demo,1,14.840100556998845,423.6409809520945,FALSE,FALSE,FALSE,width_inflate,640,360,645,362
P01,gaze_confirm,adaptive,2,7,200,50,100,TRUE,1,mouse,60,1440,900,demo,1,36.67633232832783,821.5464210287877,TRUE,FALSE,TRUE,declutter,640,360,645,362
P02,gaze_confirm,adaptive,2,7,200,50,100,TRUE,1,mouse,60,1440,900,demo,1,23.421167859610563,947.3273817576702,FALSE,FALSE,FALSE,declutter,640,360,645,362
P03,gaze_confirm,adaptive,2,7,200,50,100,TRUE,1,mouse,60,1440,900,demo,1,13.621945748327308,790.372074220201,FALSE,FALSE,FALSE,declutter,640,360,645,362
P01,hand,static,3,7,200,50,100,TRUE,1,mouse,60,1440,900,demo,1,20.72076478937196,806.4098844515271,FALSE,FALSE,FALSE,NA,640,360,645,362
P02,hand,static,3,7,200,50,100,TRUE,1,mouse,60,1440,900,demo,1,7.218080496081381,740.0043964186219,FALSE,FALSE,FALSE,NA,640,360,645,362
P03,hand,static,3,7,200,50,100,TRUE,1,mouse,60,1440,900,demo,1,4.224557478991402,679.5232458113668,FALSE,FALSE,FALSE,NA,640,360,645,362
P01,gaze_confirm,static,3,7,200,50,100,TRUE,1,mouse,60,1440,900,demo,1,12.6634302496241,1048.2593763838136,FALSE,FALSE,FALSE,NA,640,360,645,362
P02,gaze_confirm,static,3,7,200,50,100,TRUE,1,mouse,60,1440,900,demo,1,1.9020840120679405,996.6038195383242,FALSE,FALSE,FALSE,NA,640,360,645,362
P03,gaze_confirm,static,3,7,200,50,100,TRUE,1,mouse,60,1440,900,demo,1,22.65567530508309,896.4877967345412,FALSE,FALSE,FALSE,NA,640,360,645,362
P01,hand,adaptive,3,7,200,50,100,TRUE,1,mouse,60,1440,900,demo,1,20.21322849712938,677.7337921301792,FALSE,FALSE,TRUE,width_inflate,640,360,645,362
P02,hand,adaptive,3,7,200,50,100,TRUE,1,mouse,60,1440,900,demo,1,10.936695501551553,727.7016029573109,FALSE,FALSE,FALSE,width_inflate,640,360,645,362
P03,hand,adaptive,3,7,200,50,100,TRUE,1,mouse,60,1440,900,demo,1,2.8491632698923093,692.7540013834456,FALSE,FALSE,FALSE,width_inflate,640,360,645,362
P01,gaze_confirm,adaptive,3,7,200,50,100,TRUE,1,mouse,60,1440,900,demo,1,21.92595498586461,821.0387750460626,FALSE,FALSE,FALSE,declutter,640,360,645,362
P02,gaze_confirm,adaptive,3,7,200,50,100,TRUE,1,mouse,60,1440,900,demo,1,24.09793717022951,1002.624264607703,FALSE,FALSE,TRUE,declutter,640,360,645,362
P03,gaze_confirm,adaptive,3,7,200,50,100,TRUE,1,mouse,60,1440,900,demo,1,11.894765360216407,1038.3523470670339,FALSE,FALSE,FALSE,declutter,640,360,645,362
P01,hand,static,4,7,200,50,100,TRUE,1,mouse,60,1440,900,demo,1,6.274948515761064,733.1529467852004,FALSE,FALSE,FALSE,NA,640,360,645,362
P02,hand,static,4,7,200,50,100,TRUE,1,mouse,60,1440,900,demo,1,8.20494626220855,717.2925594954625,FALSE,FALSE,FALSE,NA,640,360,645,362
P03,hand,static,4,7,200,50,100,TRUE,1,mouse,60,1440,900,demo,1,0.7298634559208907,690.9249903064194,FALSE,FALSE,FALSE,NA,640,360,645,362
P01,gaze_confirm,static,4,7,200,50,100,TRUE,1,mouse,60,1440,900,demo,1,11.393292834566113,1209.3699015563345,FALSE,FALSE,FALSE,NA,640,360,645,362
P02,gaze_confirm,static,4,7,200,50,100,TRUE,1,mouse,60,1440,900,demo,1,24.039317071069057,983.1578638562952,FALSE,FALSE,FALSE,NA,640,360,645,362
P03,gaze_confirm,static,4,7,200,50,100,TRUE,1,mouse,60,1440,900,demo,1,0.1312216257041783,931.0047165560068,FALSE,FALSE,FALSE,NA,640,360,645,362
P01,hand,adaptive,4,7,200,50,100,TRUE,1,mouse,60,1440,900,demo,1,12.210703643425106,349.0498637363295,FALSE,FALSE,FALSE,width_inflate,640,360,645,362
P02,hand,adaptive,4,7,200,50,100,TRUE,1,mouse,60,1440,900,demo,1,14.261208421775748,462.16618819633607,FALSE,FALSE,FALSE,width_inflate,640,360,645,362
P03,hand,adaptive,4,7,200,50,100,TRUE,1,mouse,60,1440,900,demo,1,8.659253285232184,640.6792159267322,FALSE,FALSE,FALSE,width_inflate,640,360,645,362
P01,gaze_confirm,adaptive,4,7,200,50,100,TRUE,1,mouse,60,1440,900,demo,1,27.345918804987207,924.7552853811718,TRUE,FALSE,FALSE,declutter,640,360,645,362
P02,gaze_confirm,adaptive,4,7,200,50,100,TRUE,1,mouse,60,1440,900,demo,1,6.792983514430731,933.2246950633937,FALSE,FALSE,FALSE,declutter,640,360,645,362
P03,gaze_confirm,adaptive,4,7,200,50,100,TRUE,1,mouse,60,1440,900,demo,1,36.940010767807145,998.5808136538342,TRUE,FALSE,FALSE,declutter,640,360,645,362
P01,hand,static,1,8,200,50,100,TRUE,1,mouse,60,1440,900,demo,1,16.368449424988505,676.7017108815452,FALSE,FALSE,FALSE,NA,640,360,645,362
P02,hand,static,1,8,200,50,100,TRUE,1,mouse,60,1440,900,demo,1,2.409372187069455,845.7506553379075,FALSE,FALSE,FALSE,NA,640,360,645,362
P03,hand,static,1,8,200,50,100,TRUE,1,mouse,60,1440,900,demo,1,10.389352852013856,589.4180748556506,FALSE,FALSE,FALSE,NA,640,360,645,362
P01,gaze_confirm,static,1,8,200,50,100,TRUE,1,mouse,60,1440,900,demo,1,1.8338986028740047,804.986873546832,FALSE,FALSE,FALSE,NA,640,360,645,362
P02,gaze_confirm,static,1,8,200,50,100,TRUE,1,mouse,60,1440,900,demo,1,11.235374496371751,802.5216586935423,FALSE,FALSE,FALSE,NA,640,360,645,362
P03,gaze_confirm,static,1,8,200,50,100,TRUE,1,mouse,60,1440,900,demo,1,17.262096800180853,1039.075642902382,FALSE,FALSE,FALSE,NA,640,360,645,362
P01,hand,adaptive,1,8,200,50,100,TRUE,1,mouse,60,1440,900,demo,1,20.05265794635527,640.0496069192928,FALSE,FALSE,FALSE,width_inflate,640,360,645,362
P02,hand,adaptive,1,8,200,50,100,TRUE,1,mouse,60,1440,900,demo,1,0.6722007992995432,744.7781506184599,FALSE,FALSE,TRUE,width_inflate,640,360,645,362
P03,hand,adaptive,1,8,200,50,100,TRUE,1,mouse,60,1440,900,demo,1,0.6237828741707876,617.8752294131498,FALSE,FALSE,FALSE,width_inflate,640,360,645,362
P01,gaze_confirm,adaptive,1,8,200,50,100,TRUE,1,mouse,60,1440,900,demo,1,31.55827246456085,828.9729477344625,TRUE,FALSE,TRUE,declutter,640,360,645,362
P02,gaze_confirm,adaptive,1,8,200,50,100,TRUE,1,mouse,60,1440,900,demo,1,1.787896693580895,855.7976909848193,FALSE,FALSE,TRUE,declutter,640,360,645,362
P03,gaze_confirm,adaptive,1,8,200,50,100,TRUE,1,mouse,60,1440,900,demo,1,10.29330104212014,677.6859810909925,FALSE,FALSE,FALSE,declutter,640,360,645,362
P01,hand,static,2,8,200,50,100,TRUE,1,mouse,60,1440,900,demo,1,11.688114993649094,559.6461687503062,FALSE,FALSE,FALSE,NA,640,360,645,362
P02,hand,static,2,8,200,50,100,TRUE,1,mouse,60,1440,900,demo,1,2.1588747725704835,526.955842436986,FALSE,FALSE,FALSE,NA,640,360,645,362
P03,hand,static,2,8,200,50,100,TRUE,1,mouse,60,1440,900,demo,1,12.179318072923891,826.5186726370418,FALSE,FALSE,FALSE,NA,640,360,645,362
P01,gaze_confirm,static,2,8,200,50,100,TRUE,1,mouse,60,1440,900,demo,1,35.86947279639449,878.320389036464,TRUE,FALSE,FALSE,NA,640,360,645,362
P02,gaze_confirm,static,2,8,200,50,100,TRUE,1,mouse,60,1440,900,demo,1,7.6910271696977155,1044.7351823348215,FALSE,FALSE,FALSE,NA,640,360,645,362
P03,gaze_confirm,static,2,8,200,50,100,TRUE,1,mouse,60,1440,900,demo,1,2.0994711044887158,1131.978872203035,FALSE,FALSE,FALSE,NA,640,360,645,362
P01,hand,adaptive,2,8,200,50,100,TRUE,1,mouse,60,1440,900,demo,1,10.718490840659438,626.9870229068069,FALSE,FALSE,FALSE,width_inflate,640,360,645,362
P02,hand,adaptive,2,8,200,50,100,TRUE,1,mouse,60,1440,900,demo,1,4.006835309990701,684.0654687622822,FALSE,FALSE,FALSE,width_inflate,640,360,645,362
P03,hand,adaptive,2,8,200,50,100,TRUE,1,mouse,60,1440,900,demo,1,4.937159047388768,439.8718976724706,FALSE,FALSE,FALSE,width_inflate,640,360,645,362
P01,gaze_confirm,adaptive,2,8,200,50,100,TRUE,1,mouse,60,1440,900,demo,1,0.5946508669678514,801.7596266976237,FALSE,FALSE,FALSE,declutter,640,360,645,362
P02,gaze_confirm,adaptive,2,8,200,50,100,TRUE,1,mouse,60,1440,900,demo,1,44.38616748768049,906.7457819259406,TRUE,FALSE,FALSE,declutter,640,360,645,362
P03,gaze_confirm,adaptive,2,8,200,50,100,TRUE,1,mouse,60,1440,900,demo,1,46.28624662559947,935.8904284003382,TRUE,FALSE,TRUE,declutter,640,360,645,362
P01,hand,static,3,8,200,50,100,TRUE,1,mouse,60,1440,900,demo,1,2.4635910896183937,608.8722259241341,FALSE,FALSE,FALSE,NA,640,360,645,362
P02,hand,static,3,8,200,50,100,TRUE,1,mouse,60,1440,900,demo,1,7.814319379052042,1022.1830799072159,FALSE,FALSE,FALSE,NA,640,360,645,362
P03,hand,static,3,8,200,50,100,TRUE,1,mouse,60,1440,900,demo,1,3.2851978924385756,644.9931833089133,FALSE,FALSE,FALSE,NA,640,360,645,362
P01,gaze_confirm,static,3,8,200,50,100,TRUE,1,mouse,60,1440,900,demo,1,18.444118226730303,957.7092267956045,FALSE,FALSE,FALSE,NA,640,360,645,362
P02,gaze_confirm,static,3,8,200,50,100,TRUE,1,mouse,60,1440,900,demo,1,14.717870034733583,1027.9750240584222,FALSE,FALSE,FALSE,NA,640,360,645,362
P03,gaze_confirm,static,3,8,200,50,100,TRUE,1,mouse,60,1440,900,demo,1,3.776277082113156,946.8777638271206,FALSE,FALSE,FALSE,NA,640,360,645,362
P01,hand,adaptive,3,8,200,50,100,TRUE,1,mouse,60,1440,900,demo,1,4.538013266502084,572.7719135567463,FALSE,FALSE,FALSE,width_inflate,640,360,645,362
P02,hand,adaptive,3,8,200,50,100,TRUE,1,mouse,60,1440,900,demo,1,11.344905973486714,775.4366796755966,FALSE,FALSE,TRUE,width_inflate,640,360,645,362
P03,hand,adaptive,3,8,200,50,100,TRUE,1,mouse,60,1440,900,demo,1,10.283076130791821,843.8654387848642,FALSE,FALSE,FALSE,width_inflate,640,360,645,362
P01,gaze_confirm,adaptive,3,8,200,50,100,TRUE,1,mouse,60,1440,900,demo,1,8.298690099918375,896.4367234740198,FALSE,FALSE,FALSE,declutter,640,360,645,362
P02,gaze_confirm,adaptive,3,8,200,50,100,TRUE,1,mouse,60,1440,900,demo,1,43.5019203681878,967.4720814483679,TRUE,FALSE,FALSE,declutter,640,360,645,362
P03,gaze_confirm,adaptive,3,8,200,50,100,TRUE,1,mouse,60,1440,900,demo,1,29.718880122387375,888.3105001796844,TRUE,FALSE,FALSE,declutter,640,360,645,362
P01,hand,static,4,8,200,50,100,TRUE,1,mouse,60,1440,900,demo,1,5.567846915592178,821.9746261242594,FALSE,FALSE,FALSE,NA,640,360,645,362
P02,hand,static,4,8,200,50,100,TRUE,1,mouse,60,1440,900,demo,1,9.904558353110911,561.2599126888176,FALSE,FALSE,FALSE,NA,640,360,645,362
P03,hand,static,4,8,200,50,100,TRUE,1,mouse,60,1440,900,demo,1,6.121590562543962,978.5032268793371,FALSE,FALSE,FALSE,NA,640,360,645,362
P01,gaze_confirm,static,4,8,200,50,100,TRUE,1,mouse,60,1440,900,demo,1,10.610658693270006,877.5762502653995,FALSE,FALSE,FALSE,NA,640,360,645,362
P02,gaze_confirm,static,4,8,200,50,100,TRUE,1,mouse,60,1440,900,demo,1,17.942053359735404,774.9380702674289,FALSE,FALSE,FALSE,NA,640,360,645,362
P03,gaze_confirm,static,4,8,200,50,100,TRUE,1,mouse,60,1440,900,demo,1,2.6005626847925387,907.8898607368317,FALSE,FALSE,FALSE,NA,640,360,645,362
P01,hand,adaptive,4,8,200,50,100,TRUE,1,mouse,60,1440,900,demo,1,0.17168895800296063,667.6050180974003,FALSE,FALSE,FALSE,width_inflate,640,360,645,362
P02,hand,adaptive,4,8,200,50,100,TRUE,1,mouse,60,1440,900,demo,1,21.483374847168726,844.8345449216274,FALSE,FALSE,FALSE,width_inflate,640,360,645,362
P03,hand,adaptive,4,8,200,50,100,TRUE,1,mouse,60,1440,900,demo,1,0.4146128056062123,759.3451612125584,FALSE,FALSE,FALSE,width_inflate,640,360,645,362
P01,gaze_confirm,adaptive,4,8,200,50,100,TRUE,1,mouse,60,1440,900,demo,1,3.4241456824642276,917.0950118454944,FALSE,FALSE,FALSE,declutter,640,360,645,362
P02,gaze_confirm,adaptive,4,8,200,50,100,TRUE,1,mouse,60,1440,900,demo,1,3.1450751456731476,733.2619771214207,FALSE,FALSE,TRUE,declutter,640,360,645,362
P03,gaze_confirm,adaptive,4,8,200,50,100,TRUE,1,mouse,60,1440,900,demo,1,18.990306766848274,796.0754706393463,FALSE,FALSE,FALSE,declutter,640,360,645,362
P01,hand,static,1,9,200,50,100,TRUE,1,mouse,60,1440,900,demo,1,5.713599339631547,680.4058081324847,FALSE,FALSE,FALSE,NA,640,360,645,362
P02,hand,static,1,9,200,50,100,TRUE,1,mouse,60,1440,900,demo,1,16.542841643510886,1006.3631336152712,FALSE,FALSE,FALSE,NA,640,360,645,362
P03,hand,static,1,9,200,50,100,TRUE,1,mouse,60,1440,900,demo,1,5.474836838157751,476.77269109379023,FALSE,FALSE,FALSE,NA,640,360,645,362
P01,gaze_confirm,static,1,9,200,50,100,TRUE,1,mouse,60,1440,900,demo,1,20.44059246673818,1085.7265582215225,FALSE,FALSE,FALSE,NA,640,360,645,362
P02,gaze_confirm,static,1,9,200,50,100,TRUE,1,mouse,60,1440,900,demo,1,7.8416184544542915,886.7318891319295,FALSE,FALSE,FALSE,NA,640,360,645,362
P03,gaze_confirm,static,1,9,200,50,100,TRUE,1,mouse,60,1440,900,demo,1,6.229865151964923,1149.91890799849,FALSE,FALSE,FALSE,NA,640,360,645,362
P01,hand,adaptive,1,9,200,50,100,TRUE,1,mouse,60,1440,900,demo,1,7.764547575819226,513.2959232031915,FALSE,FALSE,FALSE,width_inflate,640,360,645,362
P02,hand,adaptive,1,9,200,50,100,TRUE,1,mouse,60,1440,900,demo,1,25.891756020183323,667.2347881595297,TRUE,FALSE,TRUE,width_inflate,640,360,645,362
P03,hand,adaptive,1,9,200,50,100,TRUE,1,mouse,60,1440,900,demo,1,10.611009840338507,518.0538869956698,FALSE,FALSE,FALSE,width_inflate,640,360,645,362
P01,gaze_confirm,adaptive,1,9,200,50,100,TRUE,1,mouse,60,1440,900,demo,1,14.930597009241325,1008.421971163401,FALSE,FALSE,FALSE,declutter,640,360,645,362
P02,gaze_confirm,adaptive,1,9,200,50,100,TRUE,1,mouse,60,1440,900,demo,1,10.324084873829092,1078.0535386485703,FALSE,FALSE,FALSE,declutter,640,360,645,362
P03,gaze_confirm,adaptive,1,9,200,50,100,TRUE,1,mouse,60,1440,900,demo,1,27.07021096208163,1134.0865207681381,TRUE,FALSE,FALSE,declutter,640,360,645,362
P01,hand,static,2,9,200,50,100,TRUE,1,mouse,60,1440,900,demo,1,9.289739155264861,795.7120789107422,FALSE,FALSE,FALSE,NA,640,360,645,362
P02,hand,static,2,9,200,50,100,TRUE,1,mouse,60,1440,900,demo,1,10.14877848227155,921.1919505493386,FALSE,FALSE,FALSE,NA,640,360,645,362
P03,hand,static,2,9,200,50,100,TRUE,1,mouse,60,1440,900,demo,1,15.128194545825298,849.5708690393976,FALSE,FALSE,FALSE,NA,640,360,645,362
P01,gaze_confirm,static,2,9,200,50,100,TRUE,1,mouse,60,1440,900,demo,1,6.381763255331598,934.1750105811182,FALSE,FALSE,FALSE,NA,640,360,645,362
P02,gaze_confirm,static,2,9,200,50,100,TRUE,1,mouse,60,1440,900,demo,1,1.3240083444566102,1007.244468594164,FALSE,FALSE,FALSE,NA,640,360,645,362
P03,gaze_confirm,static,2,9,200,50,100,TRUE,1,mouse,60,1440,900,demo,1,21.0357256396384,833.360694622888,FALSE,FALSE,FALSE,NA,640,360,645,362
P01,hand,adaptive,2,9,200,50,100,TRUE,1,mouse,60,1440,900,demo,1,7.616979178906913,627.7757396718807,FALSE,FALSE,FALSE,width_inflate,640,360,645,362
P02,hand,adaptive,2,9,200,50,100,TRUE,1,mouse,60,1440,900,demo,1,0.34609863513977335,796.5156450018586,FALSE,FALSE,FALSE,width_inflate,640,360,645,362
P03,hand,adaptive,2,9,200,50,100,TRUE,1,mouse,60,1440,900,demo,1,8.048351624807161,714.954097217882,FALSE,FALSE,FALSE,width_inflate,640,360,645,362
P01,gaze_confirm,adaptive,2,9,200,50,100,TRUE,1,mouse,60,1440,900,demo,1,29.709837781651974,954.8828797950396,TRUE,FALSE,FALSE,declutter,640,360,645,362
P02,gaze_confirm,adaptive,2,9,200,50,100,TRUE,1,mouse,60,1440,900,demo,1,6.295576305802832,775.4242752375354,FALSE,FALSE,FALSE,declutter,640,360,645,362
P03,gaze_confirm,adaptive,2,9,200,50,100,TRUE,1,mouse,60,1440,900,demo,1,13.615315893818707,827.458412359906,FALSE,FALSE,TRUE,declutter,640,360,645,362
P01,hand,static,3,9,200,50,100,TRUE,1,mouse,60,1440,900,demo,1,6.465709919731109,608.2472783495717,FALSE,FALSE,FALSE,NA,640,360,645,362
P02,hand,static,3,9,200,50,100,TRUE,1,mouse,60,1440,900,demo,1,2.7275030600753043,747.4355044016199,FALSE,FALSE,FALSE,NA,640,360,645,362
P03,hand,static,3,9,200,50,100,TRUE,1,mouse,60,1440,900,demo,1,5.906742840773175,581.139084344013,FALSE,FALSE,FALSE,NA,640,360,645,362
P01,gaze_confirm,static,3,9,200,50,100,TRUE,1,mouse,60,1440,900,demo,1,4.821030275970297,1017.4449668118863,FALSE,FALSE,FALSE,NA,640,360,645,362
P02,gaze_confirm,static,3,9,200,50,100,TRUE,1,mouse,60,1440,900,demo,1,11.758638230484866,816.0300305679749,FALSE,FALSE,FALSE,NA,640,360,645,362
P03,gaze_confirm,static,3,9,200,50,100,TRUE,1,mouse,60,1440,900,demo,1,2.208755897592841,1169.4236549762438,FALSE,FALSE,FALSE,NA,640,360,645,362
P01,hand,adaptive,3,9,200,50,100,TRUE,1,mouse,60,1440,900,demo,1,4.964118163105443,705.2709619373725,FALSE,FALSE,FALSE,width_inflate,640,360,645,362
P02,hand,adaptive,3,9,200,50,100,TRUE,1,mouse,60,1440,900,demo,1,31.717787424347748,565.8795665296076,TRUE,FALSE,TRUE,width_inflate,640,360,645,362
P03,hand,adaptive,3,9,200,50,100,TRUE,1,mouse,60,1440,900,demo,1,1.1152922217536645,678.9255119001468,FALSE,FALSE,TRUE,width_inflate,640,360,645,362
P01,gaze_confirm,adaptive,3,9,200,50,100,TRUE,1,mouse,60,1440,900,demo,1,7.745124534479767,857.7056160926453,FALSE,FALSE,FALSE,declutter,640,360,645,362
P02,gaze_confirm,adaptive,3,9,200,50,100,TRUE,1,mouse,60,1440,900,demo,1,9.637179135626699,944.5377551711589,FALSE,FALSE,FALSE,declutter,640,360,645,362
P03,gaze_confirm,adaptive,3,9,200,50,100,TRUE,1,mouse,60,1440,900,demo,1,9.995010323638532,929.2239262512361,FALSE,FALSE,FALSE,declutter,640,360,645,362
P01,hand,static,4,9,200,50,100,TRUE,1,mouse,60,1440,900,demo,1,21.35403491730179,578.3062992806231,FALSE,FALSE,FALSE,NA,640,360,645,362
P02,hand,static,4,9,200,50,100,TRUE,1,mouse,60,1440,900,demo,1,3.437093035545897,605.0423345416636,FALSE,FALSE,FALSE,NA,640,360,645,362
P03,hand,static,4,9,200,50,100,TRUE,1,mouse,60,1440,900,demo,1,1.5157903015066279,735.9512421687476,FALSE,FALSE,FALSE,NA,640,360,645,362
P01,gaze_confirm,static,4,9,200,50,100,TRUE,1,mouse,60,1440,900,demo,1,22.90080203043334,1146.6862290501874,FALSE,FALSE,FALSE,NA,640,360,645,362
P02,gaze_confirm,static,4,9,200,50,100,TRUE,1,mouse,60,1440,900,demo,1,12.932391983746667,1080.1540410405107,FALSE,FALSE,FALSE,NA,640,360,645,362
P03,gaze_confirm,static,4,9,200,50,100,TRUE,1,mouse,60,1440,900,demo,1,8.106095230644815,875.0519031658288,FALSE,FALSE,FALSE,NA,640,360,645,362
P01,hand,adaptive,4,9,200,50,100,TRUE,1,mouse,60,1440,900,demo,1,28.76942976059715,749.1107481976993,TRUE,FALSE,FALSE,width_inflate,640,360,645,362
P02,hand,adaptive,4,9,200,50,100,TRUE,1,mouse,60,1440,900,demo,1,0.1335502466506554,644.1717976692454,FALSE,FALSE,FALSE,width_inflate,640,360,645,362
P03,hand,adaptive,4,9,200,50,100,TRUE,1,mouse,60,1440,900,demo,1,19.60282105689968,686.1576382062085,FALSE,FALSE,FALSE,width_inflate,640,360,645,362
P01,gaze_confirm,adaptive,4,9,200,50,100,TRUE,1,mouse,60,1440,900,demo,1,25.89311960846142,931.243378888387,TRUE,FALSE,FALSE,declutter,640,360,645,362
P02,gaze_confirm,adaptive,4,9,200,50,100,TRUE,1,mouse,60,1440,900,demo,1,3.4293024367722262,1209.053971646807,FALSE,FALSE,FALSE,declutter,640,360,645,362
P03,gaze_confirm,adaptive,4,9,200,50,100,TRUE,1,mouse,60,1440,900,demo,1,6.811630265462973,757.7653427295331,FALSE,FALSE,FALSE,declutter,640,360,645,362
P01,hand,static,1,10,200,50,100,TRUE,1,mouse,60,1440,900,demo,1,3.6004625424695704,712.1103830815429,FALSE,FALSE,FALSE,NA,640,360,645,362
P02,hand,static,1,10,200,50,100,TRUE,1,mouse,60,1440,900,demo,1,12.067635114130042,486.40272544388614,FALSE,FALSE,FALSE,NA,640,360,645,362
P03,hand,static,1,10,200,50,100,TRUE,1,mouse,60,1440,900,demo,1,0.23111129550444964,770.780310755051,FALSE,FALSE,FALSE,NA,640,360,645,362
P01,gaze_confirm,static,1,10,200,50,100,TRUE,1,mouse,60,1440,900,demo,1,19.393571756015675,1081.5930166065687,FALSE,FALSE,FALSE,NA,640,360,645,362
P02,gaze_confirm,static,1,10,200,50,100,TRUE,1,mouse,60,1440,900,demo,1,12.828659854397083,1123.4794689321384,FALSE,FALSE,FALSE,NA,640,360,645,362
P03,gaze_confirm,static,1,10,200,50,100,TRUE,1,mouse,60,1440,900,demo,1,19.52595161749163,718.9825697795455,FALSE,FALSE,FALSE,NA,640,360,645,362
P01,hand,adaptive,1,10,200,50,100,TRUE,1,mouse,60,1440,900,demo,1,26.699852357848954,699.5323396632837,TRUE,FALSE,FALSE,width_inflate,640,360,645,362
P02,hand,adaptive,1,10,200,50,100,TRUE,1,mouse,60,1440,900,demo,1,14.828321547601718,841.2043941660382,FALSE,FALSE,FALSE,width_inflate,640,360,645,362
P03,hand,adaptive,1,10,200,50,100,TRUE,1,mouse,60,1440,900,demo,1,14.892533961701893,600.3180964349236,FALSE,FALSE,FALSE,width_inflate,640,360,645,362
P01,gaze_confirm,adaptive,1,10,200,50,100,TRUE,1,mouse,60,1440,900,demo,1,8.185846841687393,874.5419361501661,FALSE,FALSE,FALSE,declutter,640,360,645,362
P02,gaze_confirm,adaptive,1,10,200,50,100,TRUE,1,mouse,60,1440,900,demo,1,11.878247486566947,895.615533335431,FALSE,FALSE,FALSE,declutter,640,360,645,362
P03,gaze_confirm,adaptive,1,10,200,50,100,TRUE,1,mouse,60,1440,900,demo,1,3.5980169058257974,943.8022501719643,FALSE,FALSE,FALSE,declutter,640,360,645,362
P01,hand,static,2,10,200,50,100,TRUE,1,mouse,60,1440,900,demo,1,7.7413674823175,779.8191850895163,FALSE,FALSE,FALSE,NA,640,360,645,362
P02,hand,static,2,10,200,50,100,TRUE,1,mouse,60,1440,900,demo,1,1.983852254904603,858.1385060453779,FALSE,FALSE,FALSE,NA,640,360,645,362
P03,hand,static,2,10,200,50,100,TRUE,1,mouse,60,1440,900,demo,1,5.265824408573444,688.541489146601,FALSE,FALSE,FALSE,NA,640,360,645,362
P01,gaze_confirm,static,2,10,200,50,100,TRUE,1,mouse,60,1440,900,demo,1,15.899450759076688,973.5533654566963,FALSE,FALSE,FALSE,NA,640,360,645,362
P02,gaze_confirm,static,2,10,200,50,100,TRUE,1,mouse,60,1440,900,demo,1,36.94206571023515,1248.5597452665754,TRUE,FALSE,FALSE,NA,640,360,645,362
P03,gaze_confirm,static,2,10,200,50,100,TRUE,1,mouse,60,1440,900,demo,1,29.45482682506244,1001.731871373799,TRUE,FALSE,FALSE,NA,640,360,645,362
P01,hand,adaptive,2,10,200,50,100,TRUE,1,mouse,60,1440,900,demo,1,17.164828094258198,672.65037311958,FALSE,FALSE,FALSE,width_inflate,640,360,645,362
P02,hand,adaptive,2,10,200,50,100,TRUE,1,mouse,60,1440,900,demo,1,12.55954616533856,488.9308249659861,FALSE,FALSE,FALSE,width_inflate,640,360,645,362
P03,hand,adaptive,2,10,200,50,100,TRUE,1,mouse,60,1440,900,demo,1,5.223467386892184,650.3427257146672,FALSE,FALSE,FALSE,width_inflate,640,360,645,362
P01,gaze_confirm,adaptive,2,10,200,50,100,TRUE,1,mouse,60,1440,900,demo,1,12.873211327999085,873.4408616199743,FALSE,FALSE,FALSE,declutter,640,360,645,362
P02,gaze_confirm,adaptive,2,10,200,50,100,TRUE,1,mouse,60,1440,900,demo,1,16.50914851753806,898.6745004228751,FALSE,FALSE,FALSE,declutter,640,360,645,362
P03,gaze_confirm,adaptive,2,10,200,50,100,TRUE,1,mouse,60,1440,900,demo,1,47.89661037238226,830.94988304746,TRUE,FALSE,FALSE,declutter,640,360,645,362
P01,hand,static,3,10,200,50,100,TRUE,1,mouse,60,1440,900,demo,1,13.32332515966584,617.5821217068759,FALSE,FALSE,FALSE,NA,640,360,645,362
P02,hand,static,3,10,200,50,100,TRUE,1,mouse,60,1440,900,demo,1,5.819851158747898,613.5071641815854,FALSE,FALSE,FALSE,NA,640,360,645,362
P03,hand,static,3,10,200,50,100,TRUE,1,mouse,60,1440,900,demo,1,2.7674019675744215,674.2594581520272,FALSE,FALSE,FALSE,NA,640,360,645,362
P01,gaze_confirm,static,3,10,200,50,100,TRUE,1,mouse,60,1440,900,demo,1,5.3128404159043905,1114.175917763435,FALSE,FALSE,FALSE,NA,640,360,645,362
P02,gaze_confirm,static,3,10,200,50,100,TRUE,1,mouse,60,1440,900,demo,1,15.695369173417394,1075.8903951871193,FALSE,FALSE,FALSE,NA,640,360,645,362
P03,gaze_confirm,static,3,10,200,50,100,TRUE,1,mouse,60,1440,900,demo,1,6.272504081200997,906.8029858468332,FALSE,FALSE,FALSE,NA,640,360,645,362
P01,hand,adaptive,3,10,200,50,100,TRUE,1,mouse,60,1440,900,demo,1,6.222045190658974,447.69002545535125,FALSE,FALSE,FALSE,width_inflate,640,360,645,362
P02,hand,adaptive,3,10,200,50,100,TRUE,1,mouse,60,1440,900,demo,1,4.688219743667749,548.6499885756856,FALSE,FALSE,FALSE,width_inflate,640,360,645,362
P03,hand,adaptive,3,10,200,50,100,TRUE,1,mouse,60,1440,900,demo,1,13.113446509218068,595.0687360111391,FALSE,FALSE,FALSE,width_inflate,640,360,645,362
P01,gaze_confirm,adaptive,3,10,200,50,100,TRUE,1,mouse,60,1440,900,demo,1,21.780189187924766,912.4365605073965,FALSE,FALSE,TRUE,declutter,640,360,645,362
P02,gaze_confirm,adaptive,3,10,200,50,100,TRUE,1,mouse,60,1440,900,demo,1,13.336200202936933,820.4871269159023,FALSE,FALSE,FALSE,declutter,640,360,645,362
P03,gaze_confirm,adaptive,3,10,200,50,100,TRUE,1,mouse,60,1440,900,demo,1,31.03672030481615,1140.8016828998268,TRUE,FALSE,FALSE,declutter,640,360,645,362
P01,hand,static,4,10,200,50,100,TRUE,1,mouse,60,1440,900,demo,1,0.7818471909516382,667.3278958697979,FALSE,FALSE,FALSE,NA,640,360,645,362
P02,hand,static,4,10,200,50,100,TRUE,1,mouse,60,1440,900,demo,1,13.500032949938085,554.3266635712589,FALSE,FALSE,FALSE,NA,640,360,645,362
P03,hand,static,4,10,200,50,100,TRUE,1,mouse,60,1440,900,demo,1,23.70502864822894,683.0485891260984,FALSE,FALSE,FALSE,NA,640,360,645,362
P01,gaze_confirm,static,4,10,200,50,100,TRUE,1,mouse,60,1440,900,demo,1,5.0666780707014,829.3546902087903,FALSE,FALSE,FALSE,NA,640,360,645,362
P02,gaze_confirm,static,4,10,200,50,100,TRUE,1,mouse,60,1440,900,demo,1,23.813120029593883,968.7386848730391,FALSE,FALSE,FALSE,NA,640,360,645,362
P03,gaze_confirm,static,4,10,200,50,100,TRUE,1,mouse,60,1440,900,demo,1,4.308328208486092,978.0360336907843,FALSE,FALSE,FALSE,NA,640,360,645,362
P01,hand,adaptive,4,10,200,50,100,TRUE,1,mouse,60,1440,900,demo,1,2.5684948798245997,692.6705133954061,FALSE,FALSE,FALSE,width_inflate,640,360,645,362
P02,hand,adaptive,4,10,200,50,100,TRUE,1,mouse,60,1440,900,demo,1,1.8201660541118367,455.37700890509427,FALSE,FALSE,FALSE,width_inflate,640,360,645,362
P03,hand,adaptive,4,10,200,50,100,TRUE,1,mouse,60,1440,900,demo,1,20.547659727831387,676.4853549164778,FALSE,FALSE,FALSE,width_inflate,640,360,645,362
P01,gaze_confirm,adaptive,4,10,200,50,100,TRUE,1,mouse,60,1440,900,demo,1,5.870590065096266,937.2540096649975,FALSE,FALSE,FALSE,declutter,640,360,645,362
P02,gaze_confirm,adaptive,4,10,200,50,100,TRUE,1,mouse,60,1440,900,demo,1,6.714083804488479,729.4669862994615,FALSE,FALSE,FALSE,declutter,640,360,645,362
P03,gaze_confirm,adaptive,4,10,200,50,100,TRUE,1,mouse,60,1440,900,demo,1,4.098313168119562,1014.6438767676493,FALSE,FALSE,FALSE,declutter,640,360,645,362
